Survey,Wave,Country Numeric,Country ISO3,Region Numeric,Region Name,gid
WVS,2010-2014,840,USA,840001,US: New England,USA.20_1
WVS,2010-2014,840,USA,840001,US: New England,USA.46_1
WVS,2010-2014,840,USA,840001,US: New England,USA.30_1
WVS,2010-2014,840,USA,840001,US: New England,USA.22_1
WVS,2010-2014,840,USA,840001,US: New England,USA.40_1
WVS,2010-2014,840,USA,840001,US: New England,USA.7_1
WVS,2010-2014,840,USA,840002,US: Middle Atlantic States,USA.33_1
WVS,2010-2014,840,USA,840002,US: Middle Atlantic States,USA.31_1
WVS,2010-2014,840,USA,840002,US: Middle Atlantic States,USA.39_1
WVS,2010-2014,840,USA,840003,US: South Atlantic,USA.8_1
WVS,2010-2014,840,USA,840003,US: South Atlantic,USA.21_1
WVS,2010-2014,840,USA,840003,US: South Atlantic,USA.9_1
WVS,2010-2014,840,USA,840003,US: South Atlantic,USA.47_1
WVS,2010-2014,840,USA,840003,US: South Atlantic,USA.49_1
WVS,2010-2014,840,USA,840003,US: South Atlantic,USA.10_1
WVS,2010-2014,840,USA,840003,US: South Atlantic,USA.11_1
WVS,2010-2014,840,USA,840003,US: South Atlantic,USA.41_1
WVS,2010-2014,840,USA,840003,US: South Atlantic,USA.34_1
WVS,2010-2014,840,USA,840006,US: East North Central,USA.14_1
WVS,2010-2014,840,USA,840006,US: East North Central,USA.15_1
WVS,2010-2014,840,USA,840006,US: East North Central,USA.23_1
WVS,2010-2014,840,USA,840006,US: East North Central,USA.36_1
WVS,2010-2014,840,USA,840006,US: East North Central,USA.50_1
WVS,2010-2014,840,USA,840007,US: West North Central,USA.16_1
WVS,2010-2014,840,USA,840007,US: West North Central,USA.17_1
WVS,2010-2014,840,USA,840007,US: West North Central,USA.24_1
WVS,2010-2014,840,USA,840007,US: West North Central,USA.26_1
WVS,2010-2014,840,USA,840007,US: West North Central,USA.28_1
WVS,2010-2014,840,USA,840007,US: West North Central,USA.35_1
WVS,2010-2014,840,USA,840007,US: West North Central,USA.42_1
WVS,2010-2014,840,USA,840004,US: East South Central,USA.1_1
WVS,2010-2014,840,USA,840004,US: East South Central,USA.18_1
WVS,2010-2014,840,USA,840004,US: East South Central,USA.25_1
WVS,2010-2014,840,USA,840004,US: East South Central,USA.43_1
WVS,2010-2014,840,USA,840005,US: West South Central,USA.4_1
WVS,2010-2014,840,USA,840005,US: West South Central,USA.19_1
WVS,2010-2014,840,USA,840005,US: West South Central,USA.37_1
WVS,2010-2014,840,USA,840005,US: West South Central,USA.44_1
WVS,2010-2014,840,USA,840008,US: Rocky Mountain state,USA.3_1
WVS,2010-2014,840,USA,840008,US: Rocky Mountain state,USA.6_1
WVS,2010-2014,840,USA,840008,US: Rocky Mountain state,USA.13_1
WVS,2010-2014,840,USA,840008,US: Rocky Mountain state,USA.27_1
WVS,2010-2014,840,USA,840008,US: Rocky Mountain state,USA.29_1
WVS,2010-2014,840,USA,840008,US: Rocky Mountain state,USA.32_1
WVS,2010-2014,840,USA,840008,US: Rocky Mountain state,USA.45_1
WVS,2010-2014,840,USA,840008,US: Rocky Mountain state,USA.51_1
WVS,2010-2014,840,USA,840013,US: Pacific,USA.2_1
WVS,2010-2014,840,USA,840013,US: Pacific,USA.5_1
WVS,2010-2014,840,USA,840013,US: Pacific,USA.12_1
WVS,2010-2014,840,USA,840013,US: Pacific,USA.38_1
WVS,2010-2014,840,USA,840013,US: Pacific,USA.48_1
,,,,,,
WVS,2010-2014,156,CHN,156001,CN: Beijing,CHN.2_1
WVS,2010-2014,156,CHN,156002,CN: Hebei Province,CHN.10_1
WVS,2010-2014,156,CHN,156003,CN: Shanxi Province,CHN.25_1
WVS,2010-2014,156,CHN,156005,CN: Liaoning Province,CHN.18_1
WVS,2010-2014,156,CHN,156006,CN: Jilin,CHN.17_1
WVS,2010-2014,156,CHN,156007,CN: Heilongjiang Province,CHN.11_1
WVS,2010-2014,156,CHN,156008,CN: Shanghai,CHN.24_1
WVS,2010-2014,156,CHN,156009,CN: Jiangsu Province,CHN.15_1
WVS,2010-2014,156,CHN,156010,CN: Zhejiang Province,CHN.31_1
WVS,2010-2014,156,CHN,156011,CN: Anhui Province,CHN.1_1
WVS,2010-2014,156,CHN,156012,CN: Fujian Province,CHN.4_1
WVS,2010-2014,156,CHN,156013,CN: Jiangxi Province,CHN.16_1
WVS,2010-2014,156,CHN,156014,CN: Shandong Province,CHN.23_1
WVS,2010-2014,156,CHN,156015,CN: Henan Province,CHN.12_1
WVS,2010-2014,156,CHN,156016,CN: Hubei Province,CHN.13_1
WVS,2010-2014,156,CHN,156017,CN: Hunan Province,CHN.14_1
WVS,2010-2014,156,CHN,156018,CN: Guangdong Province,CHN.6_1
WVS,2010-2014,156,CHN,156019,CN: Guangxi Province,CHN.7_1
WVS,2010-2014,156,CHN,156020,CN: Sichuan,CHN.26_1
WVS,2010-2014,156,CHN,156021,CN: Guizhou Province,CHN.8_1
WVS,2010-2014,156,CHN,156024,CN: Shaannxi Province,CHN.22_1
WVS,2010-2014,156,CHN,156032,CN: Chongqing,CHN.3_1
WVS,2010-2014,156,CHN,156033,CN: Gansu,CHN.5_1
WVS,2010-2014,156,CHN,156034,CN: Qinghai,CHN.21_1
,,,,,,
WVS,2010-2014,356,IND,356001,IN: Andhra Pradesh,IND.2_1
WVS,2010-2014,356,IND,356003,IN: Bihar,IND.5_1
WVS,2010-2014,356,IND,356004,IN: Chhatisgarh,IND.7_1
WVS,2010-2014,356,IND,356005,IN: Delhi,IND.25_1
WVS,2010-2014,356,IND,356006,IN: Gujarat,IND.11_1
WVS,2010-2014,356,IND,356007,IN: Haryana,IND.12_1
WVS,2010-2014,356,IND,356008,IN: Jharkhand,IND.15_1
WVS,2010-2014,356,IND,356009,IN: Karnataka,IND.16_1
WVS,2010-2014,356,IND,356010,IN: Kerala,IND.17_1
WVS,2010-2014,356,IND,356011,IN: Madhya Pradesh,IND.19_1
WVS,2010-2014,356,IND,356012,IN: Maharashtra,IND.20_1
WVS,2010-2014,356,IND,356013,IN: Orrisa,IND.26_1
WVS,2010-2014,356,IND,356014,IN: Punjab,IND.28_1
WVS,2010-2014,356,IND,356015,IN: Rajasthan,IND.29_1
WVS,2010-2014,356,IND,356017,IN: Uttar Pradesh,IND.34_1
WVS,2010-2014,356,IND,356018,IN: West Bengal,IND.36_1
WVS,2010-2014,356,IND,356019,IN: Uttarakhand,IND.35_1
,,,,,,
WVS,2010-2014,76,BRA,76038,BR: Amazonas,BRA.4_1
WVS,2010-2014,76,BRA,76039,BR: Pará,BRA.14_1
WVS,2010-2014,76,BRA,76040,BR: Rondônia,BRA.22_1
WVS,2010-2014,76,BRA,76041,BR: Alagoas,BRA.2_1
WVS,2010-2014,76,BRA,76042,BR: Bahia,BRA.5_1
WVS,2010-2014,76,BRA,76043,BR: Ceará,BRA.6_1
WVS,2010-2014,76,BRA,76044,BR: Maranhão,BRA.10_1
WVS,2010-2014,76,BRA,76045,BR: Paraíba,BRA.15_1
WVS,2010-2014,76,BRA,76046,BR: Pernambuco,BRA.17_1
WVS,2010-2014,76,BRA,76047,BR: Sergipe,BRA.26_1
WVS,2010-2014,76,BRA,76048,BR: Distrito Federal,BRA.7_1
WVS,2010-2014,76,BRA,76049,BR: Goiás,BRA.9_1
WVS,2010-2014,76,BRA,76050,BR: Mato Grosso,BRA.12_1
WVS,2010-2014,76,BRA,76051,BR: Mato Grosso do Sul,BRA.11_1
WVS,2010-2014,76,BRA,76052,BR: Espírito Santo,BRA.8_1
WVS,2010-2014,76,BRA,76053,BR: Minas Gerais,BRA.13_1
WVS,2010-2014,76,BRA,76054,BR: Rio de Janeiro,BRA.19_1
WVS,2010-2014,76,BRA,76055,BR: São Paulo,BRA.25_1
WVS,2010-2014,76,BRA,76056,BR: Paraná,BRA.16_1
WVS,2010-2014,76,BRA,76057,BR: Santa Catarina,BRA.24_1
WVS,2010-2014,76,BRA,76058,BR: Rio Grande do Sul,BRA.21_1
,,,,,,
WVS,2005-2009,360,IDN,360004,ID: West java province,IDN.9_1
WVS,2005-2009,360,IDN,360005,ID: Central Java province,IDN.10_1
WVS,2005-2009,360,IDN,360010,ID: Banten,IDN.4_1
WVS,2005-2009,360,IDN,360011,ID: DKI,IDN.7_1
WVS,2005-2009,360,IDN,360012,ID: Dareah Istimewa Yogyakarta,IDN.33_1
WVS,2005-2009,360,IDN,360013,ID: East Java,IDN.11_1
WVS,2005-2009,360,IDN,360014,ID: Lampung,IDN.17_1
WVS,2005-2009,360,IDN,360015,ID: West Nusa Tenggara,IDN.20_1
WVS,2005-2009,360,IDN,360016,ID: South Kalimantan,IDN.13_1
WVS,2005-2009,360,IDN,360017,ID: Center Sulawesi,IDN.27_1
,,,,,,
WVS,2010-2014,792,TUR,792041,TR: Istambul,TUR.40_1
WVS,2010-2014,792,TUR,792042,TR: Western Marmara,TUR.73_1
WVS,2010-2014,792,TUR,792042,TR: Western Marmara,TUR.28_1
WVS,2010-2014,792,TUR,792042,TR: Western Marmara,TUR.50_1
WVS,2010-2014,792,TUR,792042,TR: Western Marmara,TUR.12_1
WVS,2010-2014,792,TUR,792042,TR: Western Marmara,TUR.22_1
WVS,2010-2014,792,TUR,792043,TR: Aegean,TUR.11_1
WVS,2010-2014,792,TUR,792043,TR: Aegean,TUR.41_1
WVS,2010-2014,792,TUR,792043,TR: Aegean,TUR.25_1
WVS,2010-2014,792,TUR,792043,TR: Aegean,TUR.59_1
WVS,2010-2014,792,TUR,792043,TR: Aegean,TUR.56_1
WVS,2010-2014,792,TUR,792043,TR: Aegean,TUR.3_1
WVS,2010-2014,792,TUR,792043,TR: Aegean,TUR.54_1
WVS,2010-2014,792,TUR,792043,TR: Aegean,TUR.77_1
WVS,2010-2014,792,TUR,792044,TR: Eastern Marmara,TUR.21_1
WVS,2010-2014,792,TUR,792044,TR: Eastern Marmara,TUR.32_1
WVS,2010-2014,792,TUR,792044,TR: Eastern Marmara,TUR.16_1
WVS,2010-2014,792,TUR,792044,TR: Eastern Marmara,TUR.52_1
WVS,2010-2014,792,TUR,792044,TR: Eastern Marmara,TUR.66_1
WVS,2010-2014,792,TUR,792044,TR: Eastern Marmara,TUR.27_1
WVS,2010-2014,792,TUR,792044,TR: Eastern Marmara,TUR.19_1
WVS,2010-2014,792,TUR,792044,TR: Eastern Marmara,TUR.79_1
WVS,2010-2014,792,TUR,792045,TR: Western Anatolia,TUR.7_1
WVS,2010-2014,792,TUR,792045,TR: Western Anatolia,TUR.53_1
WVS,2010-2014,792,TUR,792045,TR: Western Anatolia,TUR.44_1
WVS,2010-2014,792,TUR,792046,TR: Mediterranean,TUR.8_1
WVS,2010-2014,792,TUR,792046,TR: Mediterranean,TUR.39_1
WVS,2010-2014,792,TUR,792046,TR: Mediterranean,TUR.20_1
WVS,2010-2014,792,TUR,792046,TR: Mediterranean,TUR.1_1
WVS,2010-2014,792,TUR,792046,TR: Mediterranean,TUR.58_1
WVS,2010-2014,792,TUR,792046,TR: Mediterranean,TUR.37_1
WVS,2010-2014,792,TUR,792046,TR: Mediterranean,TUR.42_1
WVS,2010-2014,792,TUR,792046,TR: Mediterranean,TUR.64_1
WVS,2010-2014,792,TUR,792047,TR: Central Anatolia,TUR.49_1
WVS,2010-2014,792,TUR,792047,TR: Central Anatolia,TUR.5_1
WVS,2010-2014,792,TUR,792047,TR: Central Anatolia,TUR.62_1
WVS,2010-2014,792,TUR,792047,TR: Central Anatolia,TUR.61_1
WVS,2010-2014,792,TUR,792047,TR: Central Anatolia,TUR.51_1
WVS,2010-2014,792,TUR,792047,TR: Central Anatolia,TUR.47_1
WVS,2010-2014,792,TUR,792047,TR: Central Anatolia,TUR.72_1
WVS,2010-2014,792,TUR,792047,TR: Central Anatolia,TUR.80_1
WVS,2010-2014,792,TUR,792048,TR: Western Black Sea,TUR.81_1
WVS,2010-2014,792,TUR,792048,TR: Western Black Sea,TUR.43_1
WVS,2010-2014,792,TUR,792048,TR: Western Black Sea,TUR.13_1
WVS,2010-2014,792,TUR,792048,TR: Western Black Sea,TUR.46_1
WVS,2010-2014,792,TUR,792048,TR: Western Black Sea,TUR.23_1
WVS,2010-2014,792,TUR,792048,TR: Western Black Sea,TUR.70_1
WVS,2010-2014,792,TUR,792048,TR: Western Black Sea,TUR.67_1
WVS,2010-2014,792,TUR,792048,TR: Western Black Sea,TUR.74_1
WVS,2010-2014,792,TUR,792048,TR: Western Black Sea,TUR.24_1
WVS,2010-2014,792,TUR,792048,TR: Western Black Sea,TUR.6_1
WVS,2010-2014,792,TUR,792049,TR: Eastern Black Sea,TUR.75_1
WVS,2010-2014,792,TUR,792049,TR: Eastern Black Sea,TUR.63_1
WVS,2010-2014,792,TUR,792049,TR: Eastern Black Sea,TUR.34_1
WVS,2010-2014,792,TUR,792049,TR: Eastern Black Sea,TUR.65_1
WVS,2010-2014,792,TUR,792049,TR: Eastern Black Sea,TUR.10_1
WVS,2010-2014,792,TUR,792049,TR: Eastern Black Sea,TUR.35_1
WVS,2010-2014,792,TUR,792050,TR: North Eastern Anatolia,TUR.31_1
WVS,2010-2014,792,TUR,792050,TR: North Eastern Anatolia,TUR.30_1
WVS,2010-2014,792,TUR,792050,TR: North Eastern Anatolia,TUR.15_1
WVS,2010-2014,792,TUR,792050,TR: North Eastern Anatolia,TUR.4_1
WVS,2010-2014,792,TUR,792050,TR: North Eastern Anatolia,TUR.45_1
WVS,2010-2014,792,TUR,792050,TR: North Eastern Anatolia,TUR.38_1
WVS,2010-2014,792,TUR,792050,TR: North Eastern Anatolia,TUR.9_1
WVS,2010-2014,792,TUR,792051,TR: East Central Anatolia,TUR.55_1
WVS,2010-2014,792,TUR,792051,TR: East Central Anatolia,TUR.29_1
WVS,2010-2014,792,TUR,792051,TR: East Central Anatolia,TUR.17_1
WVS,2010-2014,792,TUR,792051,TR: East Central Anatolia,TUR.76_1
WVS,2010-2014,792,TUR,792051,TR: East Central Anatolia,TUR.78_1
WVS,2010-2014,792,TUR,792051,TR: East Central Anatolia,TUR.60_1
WVS,2010-2014,792,TUR,792051,TR: East Central Anatolia,TUR.18_1
WVS,2010-2014,792,TUR,792051,TR: East Central Anatolia,TUR.36_1
WVS,2010-2014,792,TUR,792052,TR: South Eastern Anatolia,TUR.33_1
WVS,2010-2014,792,TUR,792052,TR: South Eastern Anatolia,TUR.2_1
WVS,2010-2014,792,TUR,792052,TR: South Eastern Anatolia,TUR.48_1
WVS,2010-2014,792,TUR,792052,TR: South Eastern Anatolia,TUR.68_1
WVS,2010-2014,792,TUR,792052,TR: South Eastern Anatolia,TUR.26_1
WVS,2010-2014,792,TUR,792052,TR: South Eastern Anatolia,TUR.57_1
WVS,2010-2014,792,TUR,792052,TR: South Eastern Anatolia,TUR.14_1
WVS,2010-2014,792,TUR,792052,TR: South Eastern Anatolia,TUR.71_1
WVS,2010-2014,792,TUR,792052,TR: South Eastern Anatolia,TUR.69_1
,,,,,,
WVS,2010-2014,392,JPN,392011,JP: Hokkaido region,JPN.12_1
WVS,2010-2014,392,JPN,392012,JP: Tohoku region,JPN.3_1
WVS,2010-2014,392,JPN,392012,JP: Tohoku region,JPN.16_1
WVS,2010-2014,392,JPN,392012,JP: Tohoku region,JPN.24_1
WVS,2010-2014,392,JPN,392012,JP: Tohoku region,JPN.2_1
WVS,2010-2014,392,JPN,392012,JP: Tohoku region,JPN.45_1
WVS,2010-2014,392,JPN,392012,JP: Tohoku region,JPN.8_1
WVS,2010-2014,392,JPN,392013,JP: Kita-Kanto region,JPN.14_1
WVS,2010-2014,392,JPN,392013,JP: Kita-Kanto region,JPN.39_1
WVS,2010-2014,392,JPN,392013,JP: Kita-Kanto region,JPN.10_1
WVS,2010-2014,392,JPN,392014,JP: Minami-Kanto region,JPN.35_1
WVS,2010-2014,392,JPN,392014,JP: Minami-Kanto region,JPN.4_1
WVS,2010-2014,392,JPN,392014,JP: Minami-Kanto region,JPN.19_1
WVS,2010-2014,392,JPN,392015,JP: Tokyo,JPN.41_1
WVS,2010-2014,392,JPN,392016,JP: Tokai region,JPN.38_1
WVS,2010-2014,392,JPN,392016,JP: Tokai region,JPN.1_1
WVS,2010-2014,392,JPN,392016,JP: Tokai region,JPN.9_1
WVS,2010-2014,392,JPN,392016,JP: Tokai region,JPN.23_1
WVS,2010-2014,392,JPN,392017,"JP: Hokuriku, Shinetsu region",JPN.15_1
WVS,2010-2014,392,JPN,392017,"JP: Hokuriku, Shinetsu region",JPN.6_1
WVS,2010-2014,392,JPN,392017,"JP: Hokuriku, Shinetsu region",JPN.29_1
WVS,2010-2014,392,JPN,392017,"JP: Hokuriku, Shinetsu region",JPN.43_1
WVS,2010-2014,392,JPN,392017,"JP: Hokuriku, Shinetsu region",JPN.26_1
WVS,2010-2014,392,JPN,392018,JP: Kinki region,JPN.36_1
WVS,2010-2014,392,JPN,392018,JP: Kinki region,JPN.22_1
WVS,2010-2014,392,JPN,392018,JP: Kinki region,JPN.33_1
WVS,2010-2014,392,JPN,392018,JP: Kinki region,JPN.13_1
WVS,2010-2014,392,JPN,392018,JP: Kinki region,JPN.28_1
WVS,2010-2014,392,JPN,392018,JP: Kinki region,JPN.44_1
WVS,2010-2014,392,JPN,392019,JP: Chugoku region,JPN.42_1
WVS,2010-2014,392,JPN,392019,JP: Chugoku region,JPN.37_1
WVS,2010-2014,392,JPN,392019,JP: Chugoku region,JPN.31_1
WVS,2010-2014,392,JPN,392019,JP: Chugoku region,JPN.11_1
WVS,2010-2014,392,JPN,392019,JP: Chugoku region,JPN.46_1
WVS,2010-2014,392,JPN,392020,JP: Shikoku region,JPN.40_1
WVS,2010-2014,392,JPN,392020,JP: Shikoku region,JPN.17_1
WVS,2010-2014,392,JPN,392020,JP: Shikoku region,JPN.5_1
WVS,2010-2014,392,JPN,392020,JP: Shikoku region,JPN.20_1
WVS,2010-2014,392,JPN,392021,JP: Kyushu region,JPN.7_1
WVS,2010-2014,392,JPN,392021,JP: Kyushu region,JPN.34_1
WVS,2010-2014,392,JPN,392021,JP: Kyushu region,JPN.27_1
WVS,2010-2014,392,JPN,392021,JP: Kyushu region,JPN.21_1
WVS,2010-2014,392,JPN,392021,JP: Kyushu region,JPN.30_1
WVS,2010-2014,392,JPN,392021,JP: Kyushu region,JPN.25_1
WVS,2010-2014,392,JPN,392021,JP: Kyushu region,JPN.18_1
WVS,2010-2014,392,JPN,392021,JP: Kyushu region,JPN.32_1
,,,,,,
WVS,2010-2014,484,MEX,484101,MX: Aguascalientes,MEX.1_1
WVS,2010-2014,484,MEX,484102,MX: Baja California,MEX.3_1
WVS,2010-2014,484,MEX,484103,MX: Baja California Sur,MEX.2_1
WVS,2010-2014,484,MEX,484104,MX: Campeche,MEX.4_1
WVS,2010-2014,484,MEX,484105,MX: Coahuila,MEX.7_1
WVS,2010-2014,484,MEX,484106,MX: Colima,MEX.8_1
WVS,2010-2014,484,MEX,484107,MX: Chiapas,MEX.5_1
WVS,2010-2014,484,MEX,484108,MX: Chihuahua,MEX.6_1
WVS,2010-2014,484,MEX,484109,MX: Distrito Federal,MEX.9_1
WVS,2010-2014,484,MEX,484110,MX: Durango,MEX.10_1
WVS,2010-2014,484,MEX,484111,MX: Guanajuato,MEX.11_1
WVS,2010-2014,484,MEX,484112,MX: Guerrero,MEX.12_1
WVS,2010-2014,484,MEX,484113,MX: Hidalgo,MEX.13_1
WVS,2010-2014,484,MEX,484114,MX: Jalisco,MEX.14_1
WVS,2010-2014,484,MEX,484115,MX: Estado de México,MEX.15_1
WVS,2010-2014,484,MEX,484116,MX: Michoacán,MEX.16_1
WVS,2010-2014,484,MEX,484117,MX: Morelos,MEX.17_1
WVS,2010-2014,484,MEX,484118,MX: Nayarit,MEX.18_1
WVS,2010-2014,484,MEX,484119,MX: Nuevo León,MEX.19_1
WVS,2010-2014,484,MEX,484120,MX: Oaxaca,MEX.20_1
WVS,2010-2014,484,MEX,484121,MX: Puebla,MEX.21_1
WVS,2010-2014,484,MEX,484122,MX: Querétaro,MEX.22_1
WVS,2010-2014,484,MEX,484123,MX: Quintana Roo,MEX.23_1
WVS,2010-2014,484,MEX,484124,MX: San Luis Potosí,MEX.24_1
WVS,2010-2014,484,MEX,484125,MX: Sinaloa,MEX.25_1
WVS,2010-2014,484,MEX,484126,MX: Sonora,MEX.26_1
WVS,2010-2014,484,MEX,484127,MX: Tabasco,MEX.27_1
WVS,2010-2014,484,MEX,484128,MX: Tamaulipas,MEX.28_1
WVS,2010-2014,484,MEX,484129,MX: Tlaxcala,MEX.29_1
WVS,2010-2014,484,MEX,484130,MX: Veracruz,MEX.30_1
WVS,2010-2014,484,MEX,484131,MX: Yucatán,MEX.31_1
WVS,2010-2014,484,MEX,484132,MX: Zacatecas,MEX.32_1
,,,,,,
WVS,2010-2014,586,PAK,586010,PK: Punjab,PAK.7_1
WVS,2010-2014,586,PAK,586011,PK: Sindh,PAK.8_1
WVS,2010-2014,586,PAK,586012,PK: Khyber Pakhtunkhwa,PAK.5_1
WVS,2010-2014,586,PAK,586013,PK: Balochistan,PAK.2_1
,,,,,,
WVS,2005-2009,124,CAN,-5,Unknown,CAN
WVS,2005-2009,124,CAN,124001,CA: Prince Edward Island,CAN.10_1
WVS,2005-2009,124,CAN,124002,CA: Nova Scotia,CAN.7_1
WVS,2005-2009,124,CAN,124003,CA: New Brunswick,CAN.4_1
WVS,2005-2009,124,CAN,124004,CA: Quebec,CAN.11_1
WVS,2005-2009,124,CAN,124005,CA: Ontario,CAN.9_1
WVS,2005-2009,124,CAN,124006,CA: Manitoba,CAN.3_1
WVS,2005-2009,124,CAN,124007,CA: Saskatchewan,CAN.12_1
WVS,2005-2009,124,CAN,124008,CA: Alberta,CAN.1_1
WVS,2005-2009,124,CAN,124009,CA: British Columbia,CAN.2_1
WVS,2005-2009,124,CAN,124010,CA: Newfoundland,CAN.5_1
,,,,,,
WVS,2005-2009,364,IRN,364001,IR: Gilan,IRN.8_1
WVS,2005-2009,364,IRN,364002,IR: Mazandaran,IRN.20_1
WVS,2005-2009,364,IRN,364003,IR: Fars,IRN.7_1
WVS,2005-2009,364,IRN,364004,IR: Kerman,IRN.13_1
WVS,2005-2009,364,IRN,364005,IR: West azarbayjan,IRN.29_1
WVS,2005-2009,364,IRN,364006,IR: East azarbayjan,IRN.5_1
WVS,2005-2009,364,IRN,364007,IR: Kermanshah,IRN.14_1
WVS,2005-2009,364,IRN,364008,IR: Sistan and balouchestan,IRN.26_1
WVS,2005-2009,364,IRN,364009,IR: Isfahan,IRN.6_1
WVS,2005-2009,364,IRN,364010,IR: Khozestan,IRN.15_1
WVS,2005-2009,364,IRN,364011,IR: Kordestan,IRN.17_1
WVS,2005-2009,364,IRN,364012,IR: Khorasan,IRN.24_1
WVS,2005-2009,364,IRN,364013,IR: Tehran,IRN.28_1
WVS,2005-2009,364,IRN,364014,IR: Boyer ahmad,IRN.16_1
WVS,2005-2009,364,IRN,364015,IR: Bushehr,IRN.3_1
WVS,2005-2009,364,IRN,364016,IR: Chaharmahal,IRN.4_1
WVS,2005-2009,364,IRN,364017,IR: Hamadan,IRN.10_1
WVS,2005-2009,364,IRN,364018,IR: Hormozgan,IRN.11_1
WVS,2005-2009,364,IRN,364019,IR: Ilam,IRN.12_1
WVS,2005-2009,364,IRN,364020,IR: Lorestan,IRN.18_1
WVS,2005-2009,364,IRN,364021,IR: Markazi,IRN.19_1
WVS,2005-2009,364,IRN,364022,IR: Semnan,IRN.25_1
WVS,2005-2009,364,IRN,364023,IR: Yazd,IRN.30_1
WVS,2005-2009,364,IRN,364024,IR: Zanjan,IRN.31_1
WVS,2005-2009,364,IRN,364025,IR: Ghom,IRN.23_1
WVS,2005-2009,364,IRN,364026,IR: Ardabil,IRN.2_1
WVS,2005-2009,364,IRN,364027,IR: Ghazvin,IRN.22_1
WVS,2005-2009,364,IRN,364028,IR: Golestan,IRN.9_1
WVS,2005-2009,364,IRN,364029,IR: North Khorasan,IRN.21_1
WVS,2005-2009,364,IRN,364030,IR: South Khorasan,IRN.27_1
,,,,,,
WVS,1999-2004,50,BGD,50001,BD: Dhaka,BGD.3.1_1
WVS,1999-2004,50,BGD,50002,BD: Chittagong,BGD.2.4_1
WVS,1999-2004,50,BGD,50003,BD: Barisal,BGD.1.2_1
WVS,1999-2004,50,BGD,50004,BD: Mymensingh,BGD.3.10_1
WVS,1999-2004,50,BGD,50005,BD: Tangail,BGD.3.17_1
WVS,1999-2004,50,BGD,50006,BD: Sherpur,BGD.3.16_1
WVS,1999-2004,50,BGD,50007,BD: Faridpur,BGD.3.2_1
WVS,1999-2004,50,BGD,50008,BD: Kishoreganj,BGD.3.6_1
WVS,1999-2004,50,BGD,50009,BD: Feni,BGD.2.7_1
WVS,1999-2004,50,BGD,50010,BD: Coxex Bazar,BGD.2.6_1
WVS,1999-2004,50,BGD,50011,BD: Brahmanbaria,BGD.2.2_1
WVS,1999-2004,50,BGD,50012,BD: Sylhet,BGD.7.4_1
WVS,1999-2004,50,BGD,50013,BD: Habiganj,BGD.7.1_1
WVS,1999-2004,50,BGD,50014,BD: Rajshahi,BGD.5.7_1
WVS,1999-2004,50,BGD,50015,BD: Sirajgonj,BGD.5.8_1
WVS,1999-2004,50,BGD,50016,BD: Jhenaidah,BGD.4.4_1
WVS,1999-2004,50,BGD,50017,BD: Chuadanga,BGD.4.2_1
WVS,1999-2004,50,BGD,50018,BD: Nator,BGD.5.4_1
WVS,1999-2004,50,BGD,50019,BD: Rangpur,BGD.6.7_1
WVS,1999-2004,50,BGD,50020,BD: Gaibandha,BGD.6.2_1
WVS,1999-2004,50,BGD,50021,BD: Comilla,BGD.2.5_1
,,,,,,
WVS,2005-2009,231,ETH,231001,ET: Addis Ababa,ETH.1_1
WVS,2005-2009,231,ETH,231002,ET: Oromiya,ETH.8_1
WVS,2005-2009,231,ETH,231003,ET: Tigray,ETH.11_1
WVS,2005-2009,231,ETH,231004,ET: Amhara,ETH.3_1
WVS,2005-2009,231,ETH,231005,ET: SNNP,ETH.10_1
,,,,,,
WVS,2010-2014,608,PHL,608001,PH: NCR,PHL.47_1
WVS,2010-2014,608,PHL,608002,PH: SOUTH LUZON,PHL.34_1
WVS,2010-2014,608,PHL,608002,PH: SOUTH LUZON,PHL.35_1
WVS,2010-2014,608,PHL,608002,PH: SOUTH LUZON,PHL.39_1
WVS,2010-2014,608,PHL,608002,PH: SOUTH LUZON,PHL.61_1
WVS,2010-2014,608,PHL,608002,PH: SOUTH LUZON,PHL.1_1
WVS,2010-2014,608,PHL,608002,PH: SOUTH LUZON,PHL.7_1
WVS,2010-2014,608,PHL,608002,PH: SOUTH LUZON,PHL.13_1
WVS,2010-2014,608,PHL,608002,PH: SOUTH LUZON,PHL.33_1
WVS,2010-2014,608,PHL,608002,PH: SOUTH LUZON,PHL.38_1
WVS,2010-2014,608,PHL,608002,PH: SOUTH LUZON,PHL.50_1
WVS,2010-2014,608,PHL,608002,PH: SOUTH LUZON,PHL.11_1
WVS,2010-2014,608,PHL,608002,PH: SOUTH LUZON,PHL.18_1
WVS,2010-2014,608,PHL,608002,PH: SOUTH LUZON,PHL.37_1
WVS,2010-2014,608,PHL,608002,PH: SOUTH LUZON,PHL.56_1
WVS,2010-2014,608,PHL,608002,PH: SOUTH LUZON,PHL.63_1
WVS,2010-2014,608,PHL,608002,PH: SOUTH LUZON,PHL.8_1
WVS,2010-2014,608,PHL,608002,PH: SOUTH LUZON,PHL.10_1
WVS,2010-2014,608,PHL,608002,PH: SOUTH LUZON,PHL.17_1
WVS,2010-2014,608,PHL,608002,PH: SOUTH LUZON,PHL.55_1
WVS,2010-2014,608,PHL,608002,PH: SOUTH LUZON,PHL.60_1
WVS,2010-2014,608,PHL,608002,PH: SOUTH LUZON,PHL.76_1
WVS,2010-2014,608,PHL,608002,PH: SOUTH LUZON,PHL.78_1
WVS,2010-2014,608,PHL,608002,PH: SOUTH LUZON,PHL.12_1
WVS,2010-2014,608,PHL,608002,PH: SOUTH LUZON,PHL.24_1
WVS,2010-2014,608,PHL,608002,PH: SOUTH LUZON,PHL.40_1
WVS,2010-2014,608,PHL,608002,PH: SOUTH LUZON,PHL.62_1
WVS,2010-2014,608,PHL,608002,PH: SOUTH LUZON,PHL.64_1
WVS,2010-2014,608,PHL,608002,PH: SOUTH LUZON,PHL.45_1
WVS,2010-2014,608,PHL,608002,PH: SOUTH LUZON,PHL.57_1
WVS,2010-2014,608,PHL,608002,PH: SOUTH LUZON,PHL.58_1
WVS,2010-2014,608,PHL,608002,PH: SOUTH LUZON,PHL.59_1
WVS,2010-2014,608,PHL,608002,PH: SOUTH LUZON,PHL.65_1
WVS,2010-2014,608,PHL,608002,PH: SOUTH LUZON,PHL.5_1
WVS,2010-2014,608,PHL,608002,PH: SOUTH LUZON,PHL.19_1
WVS,2010-2014,608,PHL,608002,PH: SOUTH LUZON,PHL.20_1
WVS,2010-2014,608,PHL,608002,PH: SOUTH LUZON,PHL.23_1
WVS,2010-2014,608,PHL,608002,PH: SOUTH LUZON,PHL.46_1
WVS,2010-2014,608,PHL,608002,PH: SOUTH LUZON,PHL.69_1
WVS,2010-2014,608,PHL,608003,PH: VISAYAS,PHL.4_1
WVS,2010-2014,608,PHL,608003,PH: VISAYAS,PHL.6_1
WVS,2010-2014,608,PHL,608003,PH: VISAYAS,PHL.22_1
WVS,2010-2014,608,PHL,608003,PH: VISAYAS,PHL.32_1
WVS,2010-2014,608,PHL,608003,PH: VISAYAS,PHL.36_1
WVS,2010-2014,608,PHL,608003,PH: VISAYAS,PHL.51_1
WVS,2010-2014,608,PHL,608003,PH: VISAYAS,PHL.15_1
WVS,2010-2014,608,PHL,608003,PH: VISAYAS,PHL.25_1
WVS,2010-2014,608,PHL,608003,PH: VISAYAS,PHL.52_1
WVS,2010-2014,608,PHL,608003,PH: VISAYAS,PHL.68_1
WVS,2010-2014,608,PHL,608003,PH: VISAYAS,PHL.14_1
WVS,2010-2014,608,PHL,608003,PH: VISAYAS,PHL.31_1
WVS,2010-2014,608,PHL,608003,PH: VISAYAS,PHL.43_1
WVS,2010-2014,608,PHL,608003,PH: VISAYAS,PHL.54_1
WVS,2010-2014,608,PHL,608003,PH: VISAYAS,PHL.66_1
WVS,2010-2014,608,PHL,608003,PH: VISAYAS,PHL.71_1
WVS,2010-2014,608,PHL,608004,PH: MINDANAO,PHL.79_1
WVS,2010-2014,608,PHL,608004,PH: MINDANAO,PHL.79_1
WVS,2010-2014,608,PHL,608004,PH: MINDANAO,PHL.80_1
WVS,2010-2014,608,PHL,608004,PH: MINDANAO,PHL.16_1
WVS,2010-2014,608,PHL,608004,PH: MINDANAO,PHL.21_1
WVS,2010-2014,608,PHL,608004,PH: MINDANAO,PHL.41_1
WVS,2010-2014,608,PHL,608004,PH: MINDANAO,PHL.48_1
WVS,2010-2014,608,PHL,608004,PH: MINDANAO,PHL.49_1
WVS,2010-2014,608,PHL,608004,PH: MINDANAO,PHL.2_1
WVS,2010-2014,608,PHL,608004,PH: MINDANAO,PHL.3_1
WVS,2010-2014,608,PHL,608004,PH: MINDANAO,PHL.30_1
WVS,2010-2014,608,PHL,608004,PH: MINDANAO,PHL.74_1
WVS,2010-2014,608,PHL,608004,PH: MINDANAO,PHL.75_1
WVS,2010-2014,608,PHL,608004,PH: MINDANAO,PHL.27_1
WVS,2010-2014,608,PHL,608004,PH: MINDANAO,PHL.26_1
WVS,2010-2014,608,PHL,608004,PH: MINDANAO,PHL.28_1
WVS,2010-2014,608,PHL,608004,PH: MINDANAO,PHL.29_1
WVS,2010-2014,608,PHL,608004,PH: MINDANAO,PHL.53_1
WVS,2010-2014,608,PHL,608004,PH: MINDANAO,PHL.67_1
WVS,2010-2014,608,PHL,608004,PH: MINDANAO,PHL.70_1
WVS,2010-2014,608,PHL,608004,PH: MINDANAO,PHL.72_1
WVS,2010-2014,608,PHL,608004,PH: MINDANAO,PHL.9_1
WVS,2010-2014,608,PHL,608004,PH: MINDANAO,PHL.42_1
WVS,2010-2014,608,PHL,608004,PH: MINDANAO,PHL.44_1
WVS,2010-2014,608,PHL,608004,PH: MINDANAO,PHL.73_1
WVS,2010-2014,608,PHL,608004,PH: MINDANAO,PHL.77_1
,,,,,,
WVS,2010-2014,818,EGY,818001,EG: Cairo,EGY.11_1
WVS,2010-2014,818,EGY,818002,EG: Alexandria,EGY.6_1
WVS,2010-2014,818,EGY,818016,EG: Dakahlia,EGY.1_1
WVS,2010-2014,818,EGY,818017,EG: Sharkia,EGY.16_1
WVS,2010-2014,818,EGY,818018,EG: Qalubia,EGY.12_1
WVS,2010-2014,818,EGY,818020,EG: Gharbia,EGY.5_1
WVS,2010-2014,818,EGY,818022,EG: Behaira,EGY.3_1
WVS,2010-2014,818,EGY,818027,EG: Menya,EGY.10_1
WVS,2010-2014,818,EGY,818028,EG: Asyut,EGY.18_1
WVS,2010-2014,818,EGY,818029,EG: Sohag,EGY.27_1
,,,,,,
WVS,2010-2014,410,KOR,410001,KR: Seoul,KOR.16_1
WVS,2010-2014,410,KOR,410002,KR: Pusan / Busan,KOR.1_1
WVS,2010-2014,410,KOR,410003,KR: Taegu / Daegu,KOR.4_1
WVS,2010-2014,410,KOR,410004,KR: Incheon,KOR.11_1
WVS,2010-2014,410,KOR,410005,KR: Kwangju / Gwangju,KOR.7_1
WVS,2010-2014,410,KOR,410006,KR: Tawjeon / Daejeon,KOR.5_1
WVS,2010-2014,410,KOR,410007,KR: Kyeonggi / Gyeonggi Do,KOR.8_1
WVS,2010-2014,410,KOR,410008,KR: Kangwon / Gangwon Do,KOR.6_1
WVS,2010-2014,410,KOR,410009,KR: Chungbuk / North Chungcheong,KOR.2_1
WVS,2010-2014,410,KOR,410010,KR: Chungnam / South Chungcheong,KOR.3_1
WVS,2010-2014,410,KOR,410011,KR: Jeonbuk / North Jeolla,KOR.13_1
WVS,2010-2014,410,KOR,410012,KR: Jeonnam / South Jeolla,KOR.14_1
WVS,2010-2014,410,KOR,410013,KR: Kyeongbuk / North Gyeongsang,KOR.9_1
WVS,2010-2014,410,KOR,410014,KR: Kyeongnam / South Gyeongsang,KOR.10_1
WVS,2010-2014,410,KOR,410020,KR: Ulsan,KOR.17_1
,,,,,,
WVS,2010-2014,604,PER,604006,PE: Lima,PER.16_1
WVS,2010-2014,604,PER,604007,PE: Arequipa,PER.4_1
WVS,2010-2014,604,PER,604012,PE: Piura,PER.21_1
WVS,2010-2014,604,PER,604021,PE: Ancash,PER.2_1
WVS,2010-2014,604,PER,604022,PE: Ayacucho,PER.5_1
WVS,2010-2014,604,PER,604023,PE: Cajamarca,PER.6_1
WVS,2010-2014,604,PER,604024,PE: Callao,PER.7_1
WVS,2010-2014,604,PER,604025,PE: Huánuco,PER.10_1
WVS,2010-2014,604,PER,604026,PE: Ica,PER.11_1
WVS,2010-2014,604,PER,604027,PE: Junín,PER.12_1
WVS,2010-2014,604,PER,604028,PE: La libertad,PER.13_1
WVS,2010-2014,604,PER,604029,PE: Lambayeque,PER.14_1
WVS,2010-2014,604,PER,604030,PE: Loreto,PER.17_1
WVS,2010-2014,604,PER,604031,PE: Puno,PER.22_1
WVS,2010-2014,604,PER,604032,PE: San Martín,PER.23_1
WVS,2010-2014,604,PER,604033,PE: Cusco,PER.8_1
WVS,2010-2014,604,PER,604034,PE: Huancavelica,PER.9_1
WVS,2010-2014,604,PER,604035,PE: Tacna,PER.24_1
WVS,2010-2014,604,PER,604036,PE: Ucayali,PER.26_1
,,,,,,
WVS,2010-2014,458,MYS,458001,MY: Selangor,MYS.15_1
WVS,2010-2014,458,MYS,458002,MY: Perak,MYS.9_1
WVS,2010-2014,458,MYS,458003,MY: Pulau Pinang,MYS.11_1
WVS,2010-2014,458,MYS,458004,MY: Sabah,MYS.13_1
WVS,2010-2014,458,MYS,458005,MY: Sarawak,MYS.14_1
WVS,2010-2014,458,MYS,458006,MY: Kedah,MYS.2_1
WVS,2010-2014,458,MYS,458007,MY: Perlis,MYS.10_1
WVS,2010-2014,458,MYS,458008,MY: Pahang,MYS.8_1
WVS,2010-2014,458,MYS,458009,MY: Kelantan,MYS.3_1
WVS,2010-2014,458,MYS,458010,MY: Terengganu,MYS.16_1
WVS,2010-2014,458,MYS,458011,MY: Johor,MYS.1_1
WVS,2010-2014,458,MYS,458012,MY: Melaka,MYS.6_1
WVS,2010-2014,458,MYS,458013,MY: Negeri Sembilan,MYS.7_1
WVS,2010-2014,458,MYS,458014,MY: Wilayah Persekutuan Kuala Lumpur,MYS.4_1
,,,,,,
WVS,2010-2014,218,ECU,218001,EC: Azuay,ECU.1_1
WVS,2010-2014,218,ECU,218002,EC: Bolívar,ECU.2_1
WVS,2010-2014,218,ECU,218003,EC: Cañar,ECU.3_1
WVS,2010-2014,218,ECU,218004,EC: Chimborazo,ECU.5_1
WVS,2010-2014,218,ECU,218005,EC: Cotopaxi,ECU.6_1
WVS,2010-2014,218,ECU,218006,EC: El Oro,ECU.7_1
WVS,2010-2014,218,ECU,218007,EC: Esmeraldas,ECU.8_1
WVS,2010-2014,218,ECU,218008,EC: Guayas,ECU.10_1
WVS,2010-2014,218,ECU,218009,EC: Imbabura,ECU.11_1
WVS,2010-2014,218,ECU,218010,EC: Loja,ECU.12_1
WVS,2010-2014,218,ECU,218011,EC: Los Ríos,ECU.13_1
WVS,2010-2014,218,ECU,218012,EC: Manabí,ECU.14_1
WVS,2010-2014,218,ECU,218013,EC: Morona Santiago,ECU.15_1
WVS,2010-2014,218,ECU,218014,EC: Napo,ECU.16_1
WVS,2010-2014,218,ECU,218015,EC: Orellana,ECU.17_1
WVS,2010-2014,218,ECU,218016,EC: Pichincha,ECU.19_1
WVS,2010-2014,218,ECU,218017,EC: Sucumbios,ECU.22_1
WVS,2010-2014,218,ECU,218018,EC: Tungurahua,ECU.23_1
WVS,2010-2014,218,ECU,218019,EC: Zamora Chinchipe,ECU.24_1
WVS,2010-2014,218,ECU,218020,EC: Santo Domingo/Santa Elena,ECU.20_1
WVS,2010-2014,218,ECU,218021,EC: Carchi,ECU.4_1
WVS,2010-2014,218,ECU,218022,EC: Pastaza,ECU.18_1
WVS,2010-2014,218,ECU,218020,EC: Santo Domingo/Santa Elena,ECU.21_1
,,,,,,
WVS,2010-2014,36,AUS,36001,AU: Northern Territory (NT),AUS.6_1
WVS,2010-2014,36,AUS,36002,AU: New South Wales and ACT (NSW&ACT),AUS.2_1
WVS,2010-2014,36,AUS,36002,AU: New South Wales and ACT (NSW&ACT),AUS.5_1
WVS,2010-2014,36,AUS,36003,AU: Victoria (Vic),AUS.10_1
WVS,2010-2014,36,AUS,36004,AU: Queensland (Qld),AUS.7_1
WVS,2010-2014,36,AUS,36005,AU: South Australia (SA),AUS.8_1
WVS,2010-2014,36,AUS,36006,AU: Western Australia (WA),AUS.11_1
WVS,2010-2014,36,AUS,36007,AU: Tasmania (Tas),AUS.9_1
WVS,2010-2014,36,AUS,36009,AU: New South Wales,AUS.5_1
,,,,,,
WVS,2010-2014,764,THA,764006,TH: Bangkok,THA.3_1
WVS,2010-2014,764,THA,764002,TH: The Central,THA.2_1
WVS,2010-2014,764,THA,764002,TH: The Central,THA.6_1
WVS,2010-2014,764,THA,764002,TH: The Central,THA.7_1
WVS,2010-2014,764,THA,764002,TH: The Central,THA.9_1
WVS,2010-2014,764,THA,764002,TH: The Central,THA.12_1
WVS,2010-2014,764,THA,764002,TH: The Central,THA.16_1
WVS,2010-2014,764,THA,764002,TH: The Central,THA.22_1
WVS,2010-2014,764,THA,764002,TH: The Central,THA.26_1
WVS,2010-2014,764,THA,764002,TH: The Central,THA.27_1
WVS,2010-2014,764,THA,764002,TH: The Central,THA.36_1
WVS,2010-2014,764,THA,764002,TH: The Central,THA.37_1
WVS,2010-2014,764,THA,764002,TH: The Central,THA.43_1
WVS,2010-2014,764,THA,764002,TH: The Central,THA.46_1
WVS,2010-2014,764,THA,764002,TH: The Central,THA.49_1
WVS,2010-2014,764,THA,764002,TH: The Central,THA.50_1
WVS,2010-2014,764,THA,764002,TH: The Central,THA.52_1
WVS,2010-2014,764,THA,764002,TH: The Central,THA.53_1
WVS,2010-2014,764,THA,764002,TH: The Central,THA.55_1
WVS,2010-2014,764,THA,764002,TH: The Central,THA.57_1
WVS,2010-2014,764,THA,764002,TH: The Central,THA.58_1
WVS,2010-2014,764,THA,764002,TH: The Central,THA.59_1
WVS,2010-2014,764,THA,764002,TH: The Central,THA.60_1
WVS,2010-2014,764,THA,764002,TH: The Central,THA.63_1
WVS,2010-2014,764,THA,764002,TH: The Central,THA.66_1
WVS,2010-2014,764,THA,764002,TH: The Central,THA.71_1
WVS,2010-2014,764,THA,764001,TH: The North,THA.10_1
WVS,2010-2014,764,THA,764001,TH: The North,THA.11_1
WVS,2010-2014,764,THA,764001,TH: The North,THA.15_1
WVS,2010-2014,764,THA,764001,TH: The North,THA.19_1
WVS,2010-2014,764,THA,764001,TH: The North,THA.20_1
WVS,2010-2014,764,THA,764001,TH: The North,THA.23_1
WVS,2010-2014,764,THA,764001,TH: The North,THA.30_1
WVS,2010-2014,764,THA,764001,TH: The North,THA.32_1
WVS,2010-2014,764,THA,764001,TH: The North,THA.41_1
WVS,2010-2014,764,THA,764001,TH: The North,THA.42_1
WVS,2010-2014,764,THA,764001,TH: The North,THA.44_1
WVS,2010-2014,764,THA,764001,TH: The North,THA.45_1
WVS,2010-2014,764,THA,764001,TH: The North,THA.47_1
WVS,2010-2014,764,THA,764001,TH: The North,THA.65_1
WVS,2010-2014,764,THA,764001,TH: The North,THA.69_1
WVS,2010-2014,764,THA,764001,TH: The North,THA.74_1
WVS,2010-2014,764,THA,764001,TH: The North,THA.75_1
WVS,2010-2014,764,THA,764004,TH: The Northeast,THA.1_1
WVS,2010-2014,764,THA,764004,TH: The Northeast,THA.4_1
WVS,2010-2014,764,THA,764004,TH: The Northeast,THA.5_1
WVS,2010-2014,764,THA,764004,TH: The Northeast,THA.8_1
WVS,2010-2014,764,THA,764004,TH: The Northeast,THA.14_1
WVS,2010-2014,764,THA,764004,TH: The Northeast,THA.17_1
WVS,2010-2014,764,THA,764004,TH: The Northeast,THA.21_1
WVS,2010-2014,764,THA,764004,TH: The Northeast,THA.24_1
WVS,2010-2014,764,THA,764004,TH: The Northeast,THA.25_1
WVS,2010-2014,764,THA,764004,TH: The Northeast,THA.28_1
WVS,2010-2014,764,THA,764004,TH: The Northeast,THA.29_1
WVS,2010-2014,764,THA,764004,TH: The Northeast,THA.34_1
WVS,2010-2014,764,THA,764004,TH: The Northeast,THA.35_1
WVS,2010-2014,764,THA,764004,TH: The Northeast,THA.54_1
WVS,2010-2014,764,THA,764004,TH: The Northeast,THA.56_1
WVS,2010-2014,764,THA,764004,TH: The Northeast,THA.62_1
WVS,2010-2014,764,THA,764004,TH: The Northeast,THA.68_1
WVS,2010-2014,764,THA,764004,TH: The Northeast,THA.72_1
WVS,2010-2014,764,THA,764004,TH: The Northeast,THA.73_1
WVS,2010-2014,764,THA,764004,TH: The Northeast,THA.77_1
WVS,2010-2014,764,THA,764003,TH: The South,THA.13_1
WVS,2010-2014,764,THA,764003,TH: The South,THA.18_1
WVS,2010-2014,764,THA,764003,TH: The South,THA.31_1
WVS,2010-2014,764,THA,764003,TH: The South,THA.33_1
WVS,2010-2014,764,THA,764003,TH: The South,THA.38_1
WVS,2010-2014,764,THA,764003,TH: The South,THA.39_1
WVS,2010-2014,764,THA,764003,TH: The South,THA.40_1
WVS,2010-2014,764,THA,764003,TH: The South,THA.48_1
WVS,2010-2014,764,THA,764003,TH: The South,THA.51_1
WVS,2010-2014,764,THA,764003,TH: The South,THA.61_1
WVS,2010-2014,764,THA,764003,TH: The South,THA.64_1
WVS,2010-2014,764,THA,764003,TH: The South,THA.67_1
WVS,2010-2014,764,THA,764003,TH: The South,THA.70_1
WVS,2010-2014,764,THA,764003,TH: The South,THA.76_1
,,,,,,
WVS,2005-2009,704,VNM,704008,VN: mekong river delta,VNM.1_1
WVS,2005-2009,704,VNM,704008,VN: mekong river delta,VNM.2_1
WVS,2005-2009,704,VNM,704002,VN: northeast,VNM.3_1
WVS,2005-2009,704,VNM,704002,VN: northeast,VNM.4_1
WVS,2005-2009,704,VNM,704001,VN: red river delta,VNM.5_1
WVS,2005-2009,704,VNM,704008,VN: mekong river delta,VNM.6_1
WVS,2005-2009,704,VNM,704007,VN: southeast,VNM.7_1
WVS,2005-2009,704,VNM,704005,VN: central coast,VNM.8_1
WVS,2005-2009,704,VNM,704007,VN: southeast,VNM.9_1
WVS,2005-2009,704,VNM,704007,VN: southeast,VNM.10_1
WVS,2005-2009,704,VNM,704005,VN: central coast,VNM.11_1
WVS,2005-2009,704,VNM,704008,VN: mekong river delta,VNM.12_1
WVS,2005-2009,704,VNM,704008,VN: mekong river delta,VNM.13_1
WVS,2005-2009,704,VNM,704002,VN: northeast,VNM.14_1
WVS,2005-2009,704,VNM,704006,VN: central highland,VNM.15_1
WVS,2005-2009,704,VNM,704006,VN: central highland,VNM.16_1
WVS,2005-2009,704,VNM,704007,VN: southeast,VNM.17_1
WVS,2005-2009,704,VNM,704008,VN: mekong river delta,VNM.18_1
WVS,2005-2009,704,VNM,704005,VN: central coast,VNM.19_1
WVS,2005-2009,704,VNM,704003,VN: northwest,VNM.20_1
WVS,2005-2009,704,VNM,704006,VN: central highland,VNM.21_1
WVS,2005-2009,704,VNM,704001,VN: red river delta,VNM.22_1
WVS,2005-2009,704,VNM,704001,VN: red river delta,VNM.23_1
WVS,2005-2009,704,VNM,704008,VN: mekong river delta,VNM.24_1
WVS,2005-2009,704,VNM,704007,VN: southeast,VNM.25_1
WVS,2005-2009,704,VNM,704002,VN: northeast,VNM.26_1
WVS,2005-2009,704,VNM,704001,VN: red river delta,VNM.27_1
WVS,2005-2009,704,VNM,704001,VN: red river delta,VNM.28_1
WVS,2005-2009,704,VNM,704004,VN: north central,VNM.29_1
WVS,2005-2009,704,VNM,704003,VN: northwest,VNM.30_1
WVS,2005-2009,704,VNM,704001,VN: red river delta,VNM.31_1
WVS,2005-2009,704,VNM,704005,VN: central coast,VNM.32_1
WVS,2005-2009,704,VNM,704008,VN: mekong river delta,VNM.33_1
WVS,2005-2009,704,VNM,704006,VN: central highland,VNM.34_1
WVS,2005-2009,704,VNM,704002,VN: northeast,VNM.35_1
WVS,2005-2009,704,VNM,704003,VN: northwest,VNM.36_1
WVS,2005-2009,704,VNM,704006,VN: central highland,VNM.37_1
WVS,2005-2009,704,VNM,704003,VN: northwest,VNM.38_1
WVS,2005-2009,704,VNM,704008,VN: mekong river delta,VNM.39_1
WVS,2005-2009,704,VNM,704001,VN: red river delta,VNM.40_1
WVS,2005-2009,704,VNM,704004,VN: north central,VNM.41_1
WVS,2005-2009,704,VNM,704001,VN: red river delta,VNM.42_1
WVS,2005-2009,704,VNM,704005,VN: central coast,VNM.43_1
WVS,2005-2009,704,VNM,704002,VN: northeast,VNM.44_1
WVS,2005-2009,704,VNM,704005,VN: central coast,VNM.45_1
WVS,2005-2009,704,VNM,704004,VN: north central,VNM.46_1
WVS,2005-2009,704,VNM,704005,VN: central coast,VNM.47_1
WVS,2005-2009,704,VNM,704005,VN: central coast,VNM.48_1
WVS,2005-2009,704,VNM,704002,VN: northeast,VNM.49_1
WVS,2005-2009,704,VNM,704004,VN: north central,VNM.50_1
WVS,2005-2009,704,VNM,704008,VN: mekong river delta,VNM.51_1
WVS,2005-2009,704,VNM,704003,VN: northwest,VNM.52_1
WVS,2005-2009,704,VNM,704007,VN: southeast,VNM.53_1
WVS,2005-2009,704,VNM,704004,VN: north central,VNM.54_1
WVS,2005-2009,704,VNM,704001,VN: red river delta,VNM.55_1
WVS,2005-2009,704,VNM,704002,VN: northeast,VNM.56_1
WVS,2005-2009,704,VNM,704004,VN: north central,VNM.57_1
WVS,2005-2009,704,VNM,704008,VN: mekong river delta,VNM.58_1
WVS,2005-2009,704,VNM,704008,VN: mekong river delta,VNM.59_1
WVS,2005-2009,704,VNM,704003,VN: northwest,VNM.60_1
WVS,2005-2009,704,VNM,704008,VN: mekong river delta,VNM.61_1
WVS,2005-2009,704,VNM,704001,VN: red river delta,VNM.62_1
WVS,2005-2009,704,VNM,704002,VN: northeast,VNM.63_1
,,,,,,
WVS,2010-2014,276,DEU,276001,DE: Schleswig-Holstein,DEU.15_1
WVS,2010-2014,276,DEU,276002,DE: Hamburg,DEU.6_1
WVS,2010-2014,276,DEU,276003,DE: Niedersachsen,DEU.9_1
WVS,2010-2014,276,DEU,276004,DE: Bremen,DEU.5_1
WVS,2010-2014,276,DEU,276005,DE: Nordrhein-Westfalen,DEU.10_1
WVS,2010-2014,276,DEU,276006,DE: Hessen,DEU.7_1
WVS,2010-2014,276,DEU,276007,DE: Rheinland-Pfalz,DEU.11_1
WVS,2010-2014,276,DEU,276008,DE: Baden-Wurttemberg,DEU.1_1
WVS,2010-2014,276,DEU,276009,DE: Bayern,DEU.2_1
WVS,2010-2014,276,DEU,276010,DE: Saarland,DEU.12_1
WVS,2010-2014,276,DEU,276011,DE: Berlin,DEU.3_1
WVS,2010-2014,276,DEU,276012,DE: Brandenburg,DEU.4_1
WVS,2010-2014,276,DEU,276013,DE: Mecklenburg-Vorpommern,DEU.8_1
WVS,2010-2014,276,DEU,276014,DE: Sachsen,DEU.14_1
WVS,2010-2014,276,DEU,276015,DE: Sachsen-Anhalt,DEU.13_1
WVS,2010-2014,276,DEU,276016,DE: Thueringen,DEU.16_1
,,,,,,
WVS,2010-2014,724,ESP,724001,ES: Andalucia,ESP.1_1
WVS,2010-2014,724,ESP,724002,ES: Aragon,ESP.2_1
WVS,2010-2014,724,ESP,724003,ES: Asturias,ESP.17_1
WVS,2010-2014,724,ESP,724004,ES: Baleares,ESP.13_1
WVS,2010-2014,724,ESP,724005,ES: Canarias,ESP.14_1
WVS,2010-2014,724,ESP,724006,ES: Cantabria,ESP.3_1
WVS,2010-2014,724,ESP,724007,ES: Castilla-Mancha,ESP.4_1
WVS,2010-2014,724,ESP,724008,ES: Castilla Leon,ESP.5_1
WVS,2010-2014,724,ESP,724009,ES: Cataluna,ESP.6_1
WVS,2010-2014,724,ESP,724010,ES: C Valenciana,ESP.10_1
WVS,2010-2014,724,ESP,724011,ES: Extremadura,ESP.11_1
WVS,2010-2014,724,ESP,724012,ES: Galicia,ESP.12_1
WVS,2010-2014,724,ESP,724013,ES: Madrid,ESP.8_1
WVS,2010-2014,724,ESP,724014,ES: Murcia,ESP.18_1
WVS,2010-2014,724,ESP,724015,ES: Navarra,ESP.9_1
WVS,2010-2014,724,ESP,724016,ES: Pais Vasco,ESP.16_1
WVS,2010-2014,724,ESP,724017,ES: Rioja,ESP.15_1
,,,,,,
WVS,2010-2014,643,RUS,643002,RU: North-Western,RUS.4_1
WVS,2010-2014,643,RUS,643002,RU: North-Western,RUS.78_1
WVS,2010-2014,643,RUS,643002,RU: North-Western,RUS.21_1
WVS,2010-2014,643,RUS,643002,RU: North-Western,RUS.26_1
WVS,2010-2014,643,RUS,643002,RU: North-Western,RUS.32_1
WVS,2010-2014,643,RUS,643002,RU: North-Western,RUS.38_1
WVS,2010-2014,643,RUS,643002,RU: North-Western,RUS.45_1
WVS,2010-2014,643,RUS,643002,RU: North-Western,RUS.46_1
WVS,2010-2014,643,RUS,643002,RU: North-Western,RUS.49_1
WVS,2010-2014,643,RUS,643002,RU: North-Western,RUS.57_1
WVS,2010-2014,643,RUS,643002,RU: North-Western,RUS.14_1
WVS,2010-2014,643,RUS,643003,RU: Central,RUS.7_1
WVS,2010-2014,643,RUS,643003,RU: Central,RUS.8_1
WVS,2010-2014,643,RUS,643003,RU: Central,RUS.76_1
WVS,2010-2014,643,RUS,643003,RU: Central,RUS.79_1
WVS,2010-2014,643,RUS,643003,RU: Central,RUS.19_1
WVS,2010-2014,643,RUS,643003,RU: Central,RUS.23_1
WVS,2010-2014,643,RUS,643003,RU: Central,RUS.33_1
WVS,2010-2014,643,RUS,643003,RU: Central,RUS.37_1
WVS,2010-2014,643,RUS,643003,RU: Central,RUS.39_1
WVS,2010-2014,643,RUS,643003,RU: Central,RUS.44_1
WVS,2010-2014,643,RUS,643003,RU: Central,RUS.52_1
WVS,2010-2014,643,RUS,643003,RU: Central,RUS.59_1
WVS,2010-2014,643,RUS,643003,RU: Central,RUS.64_1
WVS,2010-2014,643,RUS,643003,RU: Central,RUS.67_1
WVS,2010-2014,643,RUS,643003,RU: Central,RUS.72_1
WVS,2010-2014,643,RUS,643003,RU: Central,RUS.70_1
WVS,2010-2014,643,RUS,643003,RU: Central,RUS.81_1
WVS,2010-2014,643,RUS,643007,RU: Volga; Povolzskij,RUS.6_1
WVS,2010-2014,643,RUS,643007,RU: Volga; Povolzskij,RUS.31_1
WVS,2010-2014,643,RUS,643007,RU: Volga; Povolzskij,RUS.41_1
WVS,2010-2014,643,RUS,643007,RU: Volga; Povolzskij,RUS.42_1
WVS,2010-2014,643,RUS,643007,RU: Volga; Povolzskij,RUS.47_1
WVS,2010-2014,643,RUS,643007,RU: Volga; Povolzskij,RUS.53_1
WVS,2010-2014,643,RUS,643007,RU: Volga; Povolzskij,RUS.54_1
WVS,2010-2014,643,RUS,643007,RU: Volga; Povolzskij,RUS.55_1
WVS,2010-2014,643,RUS,643007,RU: Volga; Povolzskij,RUS.62_1
WVS,2010-2014,643,RUS,643007,RU: Volga; Povolzskij,RUS.63_1
WVS,2010-2014,643,RUS,643007,RU: Volga; Povolzskij,RUS.68_1
WVS,2010-2014,643,RUS,643007,RU: Volga; Povolzskij,RUS.74_1
WVS,2010-2014,643,RUS,643007,RU: Volga; Povolzskij,RUS.75_1
WVS,2010-2014,643,RUS,643007,RU: Volga; Povolzskij,RUS.13_1
WVS,2010-2014,643,RUS,643008,RU: Urals,RUS.36_1
WVS,2010-2014,643,RUS,643008,RU: Urals,RUS.66_1
WVS,2010-2014,643,RUS,643008,RU: Urals,RUS.73_1
WVS,2010-2014,643,RUS,643008,RU: Urals,RUS.30_1
WVS,2010-2014,643,RUS,643008,RU: Urals,RUS.11_1
WVS,2010-2014,643,RUS,643008,RU: Urals,RUS.80_1
WVS,2010-2014,643,RUS,643011,RU: Far East,RUS.3_1
WVS,2010-2014,643,RUS,643011,RU: Far East,RUS.9_1
WVS,2010-2014,643,RUS,643011,RU: Far East,RUS.83_1
WVS,2010-2014,643,RUS,643011,RU: Far East,RUS.24_1
WVS,2010-2014,643,RUS,643011,RU: Far East,RUS.40_1
WVS,2010-2014,643,RUS,643011,RU: Far East,RUS.56_1
WVS,2010-2014,643,RUS,643011,RU: Far East,RUS.60_1
WVS,2010-2014,643,RUS,643011,RU: Far East,RUS.61_1
WVS,2010-2014,643,RUS,643011,RU: Far East,RUS.28_1
WVS,2010-2014,643,RUS,643011,RU: Far East,RUS.12_1
WVS,2010-2014,643,RUS,643012,RU: Siberia,RUS.2_1
WVS,2010-2014,643,RUS,643012,RU: Siberia,RUS.16_1
WVS,2010-2014,643,RUS,643012,RU: Siberia,RUS.18_1
WVS,2010-2014,643,RUS,643012,RU: Siberia,RUS.27_1
WVS,2010-2014,643,RUS,643012,RU: Siberia,RUS.35_1
WVS,2010-2014,643,RUS,643012,RU: Siberia,RUS.50_1
WVS,2010-2014,643,RUS,643012,RU: Siberia,RUS.51_1
WVS,2010-2014,643,RUS,643012,RU: Siberia,RUS.69_1
WVS,2010-2014,643,RUS,643012,RU: Siberia,RUS.71_1
WVS,2010-2014,643,RUS,643012,RU: Siberia,RUS.29_1
WVS,2010-2014,643,RUS,643013,RU: South,RUS.1_1
WVS,2010-2014,643,RUS,643013,RU: South,RUS.5_1
WVS,2010-2014,643,RUS,643013,RU: South,RUS.77_1
WVS,2010-2014,643,RUS,643013,RU: South,RUS.22_1
WVS,2010-2014,643,RUS,643013,RU: South,RUS.34_1
WVS,2010-2014,643,RUS,643013,RU: South,RUS.58_1
WVS,2010-2014,643,RUS,643013,RU: South,RUS.15_1
WVS,2010-2014,643,RUS,643013,RU: South,RUS.17_1
WVS,2010-2014,643,RUS,643013,RU: South,RUS.20_1
WVS,2010-2014,643,RUS,643013,RU: South,RUS.25_1
WVS,2010-2014,643,RUS,643013,RU: South,RUS.48_1
WVS,2010-2014,643,RUS,643013,RU: South,RUS.65_1
WVS,2010-2014,643,RUS,643013,RU: South,RUS.10_1
WVS,2010-2014,643,RUS,643014,RU: Moscow,RUS.43_1
,,,,,,
WVS,2010-2014,752,SWE,752014,SE: Blekinge,SWE.1_1
WVS,2010-2014,752,SWE,752023,SE: Gävleborg,SWE.3_1
WVS,2010-2014,752,SWE,752032,SE: Gotland,SWE.4_1
WVS,2010-2014,752,SWE,752017,SE: Halland,SWE.5_1
WVS,2010-2014,752,SWE,752011,SE: Jönköping,SWE.7_1
WVS,2010-2014,752,SWE,752013,SE: Kalmar,SWE.8_1
WVS,2010-2014,752,SWE,752012,SE: Kronoberg,SWE.9_1
WVS,2010-2014,752,SWE,752027,SE: Norbotten,SWE.10_1
WVS,2010-2014,752,SWE,752030,SE: Örebro,SWE.11_1
WVS,2010-2014,752,SWE,752010,SE: Östergötland,SWE.12_1
WVS,2010-2014,752,SWE,752028,SE: Skåne,SWE.13_1
WVS,2010-2014,752,SWE,752033,SE: Sörmland,SWE.14_1
WVS,2010-2014,752,SWE,752034,SE: Stockholm,SWE.15_1
WVS,2010-2014,752,SWE,752008,SE: Uppsala,SWE.16_1
WVS,2010-2014,752,SWE,752020,SE: Värmland,SWE.17_1
WVS,2010-2014,752,SWE,752026,SE: Västerbotten,SWE.18_1
WVS,2010-2014,752,SWE,752024,SE: Västernorrland,SWE.19_1
WVS,2010-2014,752,SWE,752021,SE: Västmanland,SWE.20_1
WVS,2010-2014,752,SWE,752029,SE: Västra Götaland,SWE.21_1