Country Name,Country Code,Indicator Name,Indicator Code,Most Recent Value,Year
Arab World,ARB,Adjusted net national income (annual % growth),NY.ADJ.NNTY.KD.ZG,2.55431439325939,2017.0
Arab World,ARB,Adjusted net national income (current US$),NY.ADJ.NNTY.CD,2161640172189.2,2017.0
Arab World,ARB,GDP per capita (current LCU),NY.GDP.PCAP.CN,NaN,1960.0
Caribbean small states,CSS,Adjusted net national income (annual % growth),NY.ADJ.NNTY.KD.ZG,NaN,1960.0
Caribbean small states,CSS,Adjusted net national income (current US$),NY.ADJ.NNTY.CD,55633256817.2272,2017.0
Caribbean small states,CSS,GDP per capita (current LCU),NY.GDP.PCAP.CN,NaN,1960.0
Central Europe and the Baltics,CEB,Adjusted net national income (annual % growth),NY.ADJ.NNTY.KD.ZG,4.84578084992879,2017.0
Central Europe and the Baltics,CEB,Adjusted net national income (current US$),NY.ADJ.NNTY.CD,1164824132417.77,2017.0
Central Europe and the Baltics,CEB,GDP per capita (current LCU),NY.GDP.PCAP.CN,NaN,1960.0
Early-demographic dividend,EAR,Adjusted net national income (annual % growth),NY.ADJ.NNTY.KD.ZG,3.6890628239768497,2017.0
Early-demographic dividend,EAR,Adjusted net national income (current US$),NY.ADJ.NNTY.CD,9510870892642.34,2017.0
Early-demographic dividend,EAR,GDP per capita (current LCU),NY.GDP.PCAP.CN,NaN,1960.0
East Asia & Pacific,EAS,Adjusted net national income (annual % growth),NY.ADJ.NNTY.KD.ZG,3.7888380975446005,2017.0
East Asia & Pacific,EAS,Adjusted net national income (current US$),NY.ADJ.NNTY.CD,18654105299866.8,2017.0
East Asia & Pacific,EAS,GDP per capita (current LCU),NY.GDP.PCAP.CN,NaN,1960.0
East Asia & Pacific (excluding high income),EAP,Adjusted net national income (annual % growth),NY.ADJ.NNTY.KD.ZG,5.14560257338887,2017.0
East Asia & Pacific (excluding high income),EAP,Adjusted net national income (current US$),NY.ADJ.NNTY.CD,11143759084077.9,2017.0
East Asia & Pacific (excluding high income),EAP,GDP per capita (current LCU),NY.GDP.PCAP.CN,NaN,1960.0
East Asia & Pacific (IDA & IBRD countries),TEA,Adjusted net national income (annual % growth),NY.ADJ.NNTY.KD.ZG,5.14560257338887,2017.0
East Asia & Pacific (IDA & IBRD countries),TEA,Adjusted net national income (current US$),NY.ADJ.NNTY.CD,11122657454664.4,2017.0
East Asia & Pacific (IDA & IBRD countries),TEA,GDP per capita (current LCU),NY.GDP.PCAP.CN,NaN,1960.0
Euro area,EMU,Adjusted net national income (annual % growth),NY.ADJ.NNTY.KD.ZG,2.44803100259128,2017.0
Euro area,EMU,Adjusted net national income (current US$),NY.ADJ.NNTY.CD,10427046413468.1,2017.0
Euro area,EMU,GDP per capita (current LCU),NY.GDP.PCAP.CN,NaN,1960.0
Europe & Central Asia,ECS,Adjusted net national income (annual % growth),NY.ADJ.NNTY.KD.ZG,2.6533781665468,2017.0
Europe & Central Asia,ECS,Adjusted net national income (current US$),NY.ADJ.NNTY.CD,17730363586414.8,2017.0
Europe & Central Asia,ECS,GDP per capita (current LCU),NY.GDP.PCAP.CN,NaN,1960.0
Europe & Central Asia (excluding high income),ECA,Adjusted net national income (annual % growth),NY.ADJ.NNTY.KD.ZG,3.3930802594085896,2017.0
Europe & Central Asia (excluding high income),ECA,Adjusted net national income (current US$),NY.ADJ.NNTY.CD,2642450776017.43,2017.0
Europe & Central Asia (excluding high income),ECA,GDP per capita (current LCU),NY.GDP.PCAP.CN,NaN,1960.0
Europe & Central Asia (IDA & IBRD countries),TEC,Adjusted net national income (annual % growth),NY.ADJ.NNTY.KD.ZG,3.68515010078467,2017.0
Europe & Central Asia (IDA & IBRD countries),TEC,Adjusted net national income (current US$),NY.ADJ.NNTY.CD,3129568439625.86,2017.0
Europe & Central Asia (IDA & IBRD countries),TEC,GDP per capita (current LCU),NY.GDP.PCAP.CN,NaN,1960.0
European Union,EUU,Adjusted net national income (annual % growth),NY.ADJ.NNTY.KD.ZG,2.6268740972205498,2017.0
European Union,EUU,Adjusted net national income (current US$),NY.ADJ.NNTY.CD,NaN,1960.0
European Union,EUU,GDP per capita (current LCU),NY.GDP.PCAP.CN,NaN,1960.0
Fragile and conflict affected situations,FCS,Adjusted net national income (annual % growth),NY.ADJ.NNTY.KD.ZG,NaN,1960.0
Fragile and conflict affected situations,FCS,Adjusted net national income (current US$),NY.ADJ.NNTY.CD,670305825049.197,2017.0
Fragile and conflict affected situations,FCS,GDP per capita (current LCU),NY.GDP.PCAP.CN,NaN,1960.0
Heavily indebted poor countries (HIPC),HPC,Adjusted net national income (annual % growth),NY.ADJ.NNTY.KD.ZG,5.12859299539426,2017.0
Heavily indebted poor countries (HIPC),HPC,Adjusted net national income (current US$),NY.ADJ.NNTY.CD,580062915696.485,2017.0
Heavily indebted poor countries (HIPC),HPC,GDP per capita (current LCU),NY.GDP.PCAP.CN,NaN,1960.0
High income,HIC,Adjusted net national income (annual % growth),NY.ADJ.NNTY.KD.ZG,2.67038371868979,2017.0
High income,HIC,Adjusted net national income (current US$),NY.ADJ.NNTY.CD,42489556995403.2,2017.0
High income,HIC,GDP per capita (current LCU),NY.GDP.PCAP.CN,NaN,1960.0
IBRD only,IBD,Adjusted net national income (annual % growth),NY.ADJ.NNTY.KD.ZG,3.87916104695047,2017.0
IBRD only,IBD,Adjusted net national income (current US$),NY.ADJ.NNTY.CD,22636860011828.7,2017.0
IBRD only,IBD,GDP per capita (current LCU),NY.GDP.PCAP.CN,NaN,1960.0
IDA & IBRD total,IBT,Adjusted net national income (annual % growth),NY.ADJ.NNTY.KD.ZG,3.83085913418665,2017.0
IDA & IBRD total,IBT,Adjusted net national income (current US$),NY.ADJ.NNTY.CD,24462199982760.2,2017.0
IDA & IBRD total,IBT,GDP per capita (current LCU),NY.GDP.PCAP.CN,NaN,1960.0
IDA blend,IDB,Adjusted net national income (annual % growth),NY.ADJ.NNTY.KD.ZG,0.6504167779936689,2017.0
IDA blend,IDB,Adjusted net national income (current US$),NY.ADJ.NNTY.CD,810354791888.9509,2017.0
IDA blend,IDB,GDP per capita (current LCU),NY.GDP.PCAP.CN,NaN,1960.0
IDA only,IDX,Adjusted net national income (annual % growth),NY.ADJ.NNTY.KD.ZG,5.79733079475757,2017.0
IDA only,IDX,Adjusted net national income (current US$),NY.ADJ.NNTY.CD,1032688483207.36,2017.0
IDA only,IDX,GDP per capita (current LCU),NY.GDP.PCAP.CN,NaN,1960.0
IDA total,IDA,Adjusted net national income (annual % growth),NY.ADJ.NNTY.KD.ZG,3.01430982340074,2017.0
IDA total,IDA,Adjusted net national income (current US$),NY.ADJ.NNTY.CD,1840405788944.69,2017.0
IDA total,IDA,GDP per capita (current LCU),NY.GDP.PCAP.CN,NaN,1960.0
Late-demographic dividend,LTE,Adjusted net national income (annual % growth),NY.ADJ.NNTY.KD.ZG,3.90718724251408,2017.0
Late-demographic dividend,LTE,Adjusted net national income (current US$),NY.ADJ.NNTY.CD,15728432470750.7,2017.0
Late-demographic dividend,LTE,GDP per capita (current LCU),NY.GDP.PCAP.CN,NaN,1960.0
Latin America & Caribbean,LCN,Adjusted net national income (annual % growth),NY.ADJ.NNTY.KD.ZG,1.5389142735321297,2017.0
Latin America & Caribbean,LCN,Adjusted net national income (current US$),NY.ADJ.NNTY.CD,4945691153451.19,2017.0
Latin America & Caribbean,LCN,GDP per capita (current LCU),NY.GDP.PCAP.CN,NaN,1960.0
Latin America & Caribbean (excluding high income),LAC,Adjusted net national income (annual % growth),NY.ADJ.NNTY.KD.ZG,1.58427598482631,2017.0
Latin America & Caribbean (excluding high income),LAC,Adjusted net national income (current US$),NY.ADJ.NNTY.CD,4518050297765.57,2017.0
Latin America & Caribbean (excluding high income),LAC,GDP per capita (current LCU),NY.GDP.PCAP.CN,NaN,1960.0
Latin America & the Caribbean (IDA & IBRD countries),TLA,Adjusted net national income (annual % growth),NY.ADJ.NNTY.KD.ZG,1.540372309246,2017.0
Latin America & the Caribbean (IDA & IBRD countries),TLA,Adjusted net national income (current US$),NY.ADJ.NNTY.CD,4768847973470.32,2017.0
Latin America & the Caribbean (IDA & IBRD countries),TLA,GDP per capita (current LCU),NY.GDP.PCAP.CN,NaN,1960.0
Least developed countries: UN classification,LDC,Adjusted net national income (annual % growth),NY.ADJ.NNTY.KD.ZG,5.6963201378176205,2017.0
Least developed countries: UN classification,LDC,Adjusted net national income (current US$),NY.ADJ.NNTY.CD,879660302535.455,2017.0
Least developed countries: UN classification,LDC,GDP per capita (current LCU),NY.GDP.PCAP.CN,NaN,1960.0
Low & middle income,LMY,Adjusted net national income (annual % growth),NY.ADJ.NNTY.KD.ZG,3.83474902858465,2017.0
Low & middle income,LMY,Adjusted net national income (current US$),NY.ADJ.NNTY.CD,23756402751359.4,2017.0
Low & middle income,LMY,GDP per capita (current LCU),NY.GDP.PCAP.CN,NaN,1960.0
Low income,LIC,Adjusted net national income (annual % growth),NY.ADJ.NNTY.KD.ZG,7.62904173220358,2017.0
Low income,LIC,Adjusted net national income (current US$),NY.ADJ.NNTY.CD,440800774665.575,2017.0
Low income,LIC,GDP per capita (current LCU),NY.GDP.PCAP.CN,NaN,1960.0
Lower middle income,LMC,Adjusted net national income (annual % growth),NY.ADJ.NNTY.KD.ZG,3.98194292129448,2017.0
Lower middle income,LMC,Adjusted net national income (current US$),NY.ADJ.NNTY.CD,5498214799095.63,2017.0
Lower middle income,LMC,GDP per capita (current LCU),NY.GDP.PCAP.CN,NaN,1960.0
Middle East & North Africa,MEA,Adjusted net national income (annual % growth),NY.ADJ.NNTY.KD.ZG,2.61547534181624,2017.0
Middle East & North Africa,MEA,Adjusted net national income (current US$),NY.ADJ.NNTY.CD,2717464690808.33,2017.0
Middle East & North Africa,MEA,GDP per capita (current LCU),NY.GDP.PCAP.CN,NaN,1960.0
Middle East & North Africa (excluding high income),MNA,Adjusted net national income (annual % growth),NY.ADJ.NNTY.KD.ZG,1.1551036062678701,2017.0
Middle East & North Africa (excluding high income),MNA,Adjusted net national income (current US$),NY.ADJ.NNTY.CD,1159676236887.82,2017.0
Middle East & North Africa (excluding high income),MNA,GDP per capita (current LCU),NY.GDP.PCAP.CN,NaN,1960.0
Middle East & North Africa (IDA & IBRD countries),TMN,Adjusted net national income (annual % growth),NY.ADJ.NNTY.KD.ZG,1.1551036062678701,2017.0
Middle East & North Africa (IDA & IBRD countries),TMN,Adjusted net national income (current US$),NY.ADJ.NNTY.CD,1151897693239.38,2017.0
Middle East & North Africa (IDA & IBRD countries),TMN,GDP per capita (current LCU),NY.GDP.PCAP.CN,NaN,1960.0
Middle income,MIC,Adjusted net national income (annual % growth),NY.ADJ.NNTY.KD.ZG,3.79516763626435,2017.0
Middle income,MIC,Adjusted net national income (current US$),NY.ADJ.NNTY.CD,23318227764989.7,2017.0
Middle income,MIC,GDP per capita (current LCU),NY.GDP.PCAP.CN,NaN,1960.0
North America,NAC,Adjusted net national income (annual % growth),NY.ADJ.NNTY.KD.ZG,3.02381340223477,2017.0
North America,NAC,Adjusted net national income (current US$),NY.ADJ.NNTY.CD,18092748257284.3,2017.0
North America,NAC,GDP per capita (current LCU),NY.GDP.PCAP.CN,NaN,1960.0
Not classified,INX,Adjusted net national income (annual % growth),NY.ADJ.NNTY.KD.ZG,NaN,1960.0
Not classified,INX,Adjusted net national income (current US$),NY.ADJ.NNTY.CD,NaN,1960.0
Not classified,INX,GDP per capita (current LCU),NY.GDP.PCAP.CN,NaN,1960.0
OECD members,OED,Adjusted net national income (annual % growth),NY.ADJ.NNTY.KD.ZG,2.64851730771522,2017.0
OECD members,OED,Adjusted net national income (current US$),NY.ADJ.NNTY.CD,41570552067553.3,2017.0
OECD members,OED,GDP per capita (current LCU),NY.GDP.PCAP.CN,NaN,1960.0
Other small states,OSS,Adjusted net national income (annual % growth),NY.ADJ.NNTY.KD.ZG,5.755210171942981,2017.0
Other small states,OSS,Adjusted net national income (current US$),NY.ADJ.NNTY.CD,319811798100.655,2017.0
Other small states,OSS,GDP per capita (current LCU),NY.GDP.PCAP.CN,NaN,1960.0
Pacific island small states,PSS,Adjusted net national income (annual % growth),NY.ADJ.NNTY.KD.ZG,NaN,1960.0
Pacific island small states,PSS,Adjusted net national income (current US$),NY.ADJ.NNTY.CD,8408023800.77762,2017.0
Pacific island small states,PSS,GDP per capita (current LCU),NY.GDP.PCAP.CN,NaN,1960.0
Post-demographic dividend,PST,Adjusted net national income (annual % growth),NY.ADJ.NNTY.KD.ZG,2.65589474752177,2017.0
Post-demographic dividend,PST,Adjusted net national income (current US$),NY.ADJ.NNTY.CD,39541699025765.5,2017.0
Post-demographic dividend,PST,GDP per capita (current LCU),NY.GDP.PCAP.CN,NaN,1960.0
Pre-demographic dividend,PRE,Adjusted net national income (annual % growth),NY.ADJ.NNTY.KD.ZG,1.079097397312,2017.0
Pre-demographic dividend,PRE,Adjusted net national income (current US$),NY.ADJ.NNTY.CD,1006885244831.92,2017.0
Pre-demographic dividend,PRE,GDP per capita (current LCU),NY.GDP.PCAP.CN,NaN,1960.0
Small states,SST,Adjusted net national income (annual % growth),NY.ADJ.NNTY.KD.ZG,5.33440768432125,2017.0
Small states,SST,Adjusted net national income (current US$),NY.ADJ.NNTY.CD,383737083791.145,2017.0
Small states,SST,GDP per capita (current LCU),NY.GDP.PCAP.CN,NaN,1960.0
South Asia,SAS,Adjusted net national income (annual % growth),NY.ADJ.NNTY.KD.ZG,5.2118728469707305,2017.0
South Asia,SAS,Adjusted net national income (current US$),NY.ADJ.NNTY.CD,2911922477167.5,2017.0
South Asia,SAS,GDP per capita (current LCU),NY.GDP.PCAP.CN,NaN,1960.0
South Asia (IDA & IBRD),TSA,Adjusted net national income (annual % growth),NY.ADJ.NNTY.KD.ZG,5.2118728469707305,2017.0
South Asia (IDA & IBRD),TSA,Adjusted net national income (current US$),NY.ADJ.NNTY.CD,2911922477167.5,2017.0
South Asia (IDA & IBRD),TSA,GDP per capita (current LCU),NY.GDP.PCAP.CN,NaN,1960.0
Sub-Saharan Africa,SSF,Adjusted net national income (annual % growth),NY.ADJ.NNTY.KD.ZG,1.37061017224414,2017.0
Sub-Saharan Africa,SSF,Adjusted net national income (current US$),NY.ADJ.NNTY.CD,1296809472955.65,2017.0
Sub-Saharan Africa,SSF,GDP per capita (current LCU),NY.GDP.PCAP.CN,NaN,1960.0
Sub-Saharan Africa (excluding high income),SSA,Adjusted net national income (annual % growth),NY.ADJ.NNTY.KD.ZG,1.37061017224414,2017.0
Sub-Saharan Africa (excluding high income),SSA,Adjusted net national income (current US$),NY.ADJ.NNTY.CD,1295691548609.65,2017.0
Sub-Saharan Africa (excluding high income),SSA,GDP per capita (current LCU),NY.GDP.PCAP.CN,NaN,1960.0
Sub-Saharan Africa (IDA & IBRD countries),TSS,Adjusted net national income (annual % growth),NY.ADJ.NNTY.KD.ZG,1.37061017224414,2017.0
Sub-Saharan Africa (IDA & IBRD countries),TSS,Adjusted net national income (current US$),NY.ADJ.NNTY.CD,1296809472955.65,2017.0
Sub-Saharan Africa (IDA & IBRD countries),TSS,GDP per capita (current LCU),NY.GDP.PCAP.CN,NaN,1960.0
Upper middle income,UMC,Adjusted net national income (annual % growth),NY.ADJ.NNTY.KD.ZG,3.73593134338441,2017.0
Upper middle income,UMC,Adjusted net national income (current US$),NY.ADJ.NNTY.CD,17809119216308.5,2017.0
Upper middle income,UMC,GDP per capita (current LCU),NY.GDP.PCAP.CN,NaN,1960.0
World,WLD,Adjusted net national income (annual % growth),NY.ADJ.NNTY.KD.ZG,3.05947733656065,2017.0
World,WLD,Adjusted net national income (current US$),NY.ADJ.NNTY.CD,66293131726931.6,2017.0
World,WLD,GDP per capita (current LCU),NY.GDP.PCAP.CN,NaN,1960.0
Afghanistan,AFG,Adjusted net national income (annual % growth),NY.ADJ.NNTY.KD.ZG,NaN,1960.0
Afghanistan,AFG,Adjusted net national income (current US$),NY.ADJ.NNTY.CD,16916992771.6571,2017.0
Afghanistan,AFG,GDP per capita (current LCU),NY.GDP.PCAP.CN,37680.8181245105,2018.0
Albania,ALB,Adjusted net national income (annual % growth),NY.ADJ.NNTY.KD.ZG,2.58516866109728,2017.0
Albania,ALB,Adjusted net national income (current US$),NY.ADJ.NNTY.CD,11795973483.1559,2017.0
Albania,ALB,GDP per capita (current LCU),NY.GDP.PCAP.CN,568978.734820554,2018.0
Algeria,DZA,Adjusted net national income (annual % growth),NY.ADJ.NNTY.KD.ZG,0.712167276023351,2017.0
Algeria,DZA,Adjusted net national income (current US$),NY.ADJ.NNTY.CD,134832633155.502,2017.0
Algeria,DZA,GDP per capita (current LCU),NY.GDP.PCAP.CN,479750.26492224,2018.0
American Samoa,ASM,Adjusted net national income (annual % growth),NY.ADJ.NNTY.KD.ZG,NaN,1960.0
American Samoa,ASM,Adjusted net national income (current US$),NY.ADJ.NNTY.CD,NaN,1960.0
American Samoa,ASM,GDP per capita (current LCU),NY.GDP.PCAP.CN,11466.6907058505,2018.0
Andorra,AND,Adjusted net national income (annual % growth),NY.ADJ.NNTY.KD.ZG,NaN,1960.0
Andorra,AND,Adjusted net national income (current US$),NY.ADJ.NNTY.CD,NaN,1960.0
Andorra,AND,GDP per capita (current LCU),NY.GDP.PCAP.CN,35607.6149910397,2018.0
Angola,AGO,Adjusted net national income (annual % growth),NY.ADJ.NNTY.KD.ZG,-0.31026931486067605,2017.0
Angola,AGO,Adjusted net national income (current US$),NY.ADJ.NNTY.CD,64054513749.1511,2017.0
Angola,AGO,GDP per capita (current LCU),NY.GDP.PCAP.CN,867898.297948553,2018.0
Antigua and Barbuda,ATG,Adjusted net national income (annual % growth),NY.ADJ.NNTY.KD.ZG,NaN,1960.0
Antigua and Barbuda,ATG,Adjusted net national income (current US$),NY.ADJ.NNTY.CD,NaN,1960.0
Antigua and Barbuda,ATG,GDP per capita (current LCU),NY.GDP.PCAP.CN,45162.848181459405,2018.0
Argentina,ARG,Adjusted net national income (annual % growth),NY.ADJ.NNTY.KD.ZG,2.66876884332071,2017.0
Argentina,ARG,Adjusted net national income (current US$),NY.ADJ.NNTY.CD,544653785578.1,2017.0
Argentina,ARG,GDP per capita (current LCU),NY.GDP.PCAP.CN,328260.56461987103,2018.0
Armenia,ARM,Adjusted net national income (annual % growth),NY.ADJ.NNTY.KD.ZG,10.1328496793909,2017.0
Armenia,ARM,Adjusted net national income (current US$),NY.ADJ.NNTY.CD,10047924327.4671,2017.0
Armenia,ARM,GDP per capita (current LCU),NY.GDP.PCAP.CN,2034388.14462886,2018.0
Aruba,ABW,Adjusted net national income (annual % growth),NY.ADJ.NNTY.KD.ZG,NaN,1960.0
Aruba,ABW,Adjusted net national income (current US$),NY.ADJ.NNTY.CD,2253299500.11,2017.0
Aruba,ABW,GDP per capita (current LCU),NY.GDP.PCAP.CN,45878.177021050404,2017.0
Australia,AUS,Adjusted net national income (annual % growth),NY.ADJ.NNTY.KD.ZG,4.432565154093821,2017.0
Australia,AUS,Adjusted net national income (current US$),NY.ADJ.NNTY.CD,1020718298802.3,2017.0
Australia,AUS,GDP per capita (current LCU),NY.GDP.PCAP.CN,74017.7931911937,2018.0
Austria,AUT,Adjusted net national income (annual % growth),NY.ADJ.NNTY.KD.ZG,1.6817576113514598,2017.0
Austria,AUT,Adjusted net national income (current US$),NY.ADJ.NNTY.CD,340888011113.487,2017.0
Austria,AUT,GDP per capita (current LCU),NY.GDP.PCAP.CN,43597.866720801605,2018.0
Azerbaijan,AZE,Adjusted net national income (annual % growth),NY.ADJ.NNTY.KD.ZG,1.5356368235907099,2012.0
Azerbaijan,AZE,Adjusted net national income (current US$),NY.ADJ.NNTY.CD,31007235435.8781,2017.0
Azerbaijan,AZE,GDP per capita (current LCU),NY.GDP.PCAP.CN,8026.002747443409,2018.0
"Bahamas, The",BHS,Adjusted net national income (annual % growth),NY.ADJ.NNTY.KD.ZG,0.8597831157935331,2017.0
"Bahamas, The",BHS,Adjusted net national income (current US$),NY.ADJ.NNTY.CD,10409089574.0233,2017.0
"Bahamas, The",BHS,GDP per capita (current LCU),NY.GDP.PCAP.CN,32217.871590084,2018.0
Bahrain,BHR,Adjusted net national income (annual % growth),NY.ADJ.NNTY.KD.ZG,8.60777552860625,2017.0
Bahrain,BHR,Adjusted net national income (current US$),NY.ADJ.NNTY.CD,30275998138.2446,2017.0
Bahrain,BHR,GDP per capita (current LCU),NY.GDP.PCAP.CN,9043.084822028759,2018.0
Bangladesh,BGD,Adjusted net national income (annual % growth),NY.ADJ.NNTY.KD.ZG,6.00454436538564,2017.0
Bangladesh,BGD,Adjusted net national income (current US$),NY.ADJ.NNTY.CD,236924640545.28198,2017.0
Bangladesh,BGD,GDP per capita (current LCU),NY.GDP.PCAP.CN,139472.889514845,2018.0
Barbados,BRB,Adjusted net national income (annual % growth),NY.ADJ.NNTY.KD.ZG,NaN,1960.0
Barbados,BRB,Adjusted net national income (current US$),NY.ADJ.NNTY.CD,3970519277.25299,2017.0
Barbados,BRB,GDP per capita (current LCU),NY.GDP.PCAP.CN,35898.5630108742,2018.0
Belarus,BLR,Adjusted net national income (annual % growth),NY.ADJ.NNTY.KD.ZG,3.33600252217694,2017.0
Belarus,BLR,Adjusted net national income (current US$),NY.ADJ.NNTY.CD,47300006216.2646,2017.0
Belarus,BLR,GDP per capita (current LCU),NY.GDP.PCAP.CN,12816.3787957601,2018.0
Belgium,BEL,Adjusted net national income (annual % growth),NY.ADJ.NNTY.KD.ZG,2.6740869905186297,2017.0
Belgium,BEL,Adjusted net national income (current US$),NY.ADJ.NNTY.CD,407274522230.846,2017.0
Belgium,BEL,GDP per capita (current LCU),NY.GDP.PCAP.CN,40257.140825987,2018.0
Belize,BLZ,Adjusted net national income (annual % growth),NY.ADJ.NNTY.KD.ZG,-2.3395044876151,2017.0
Belize,BLZ,Adjusted net national income (current US$),NY.ADJ.NNTY.CD,1425331657.9989998,2017.0
Belize,BLZ,GDP per capita (current LCU),NY.GDP.PCAP.CN,9769.48484266752,2018.0
Benin,BEN,Adjusted net national income (annual % growth),NY.ADJ.NNTY.KD.ZG,3.2566818524740695,2017.0
Benin,BEN,Adjusted net national income (current US$),NY.ADJ.NNTY.CD,7674482533.80212,2017.0
Benin,BEN,GDP per capita (current LCU),NY.GDP.PCAP.CN,500759.387858022,2018.0
Bermuda,BMU,Adjusted net national income (annual % growth),NY.ADJ.NNTY.KD.ZG,NaN,1960.0
Bermuda,BMU,Adjusted net national income (current US$),NY.ADJ.NNTY.CD,NaN,1960.0
Bermuda,BMU,GDP per capita (current LCU),NY.GDP.PCAP.CN,85748.0654143782,2013.0
Bhutan,BTN,Adjusted net national income (annual % growth),NY.ADJ.NNTY.KD.ZG,3.27940500242545,2017.0
Bhutan,BTN,Adjusted net national income (current US$),NY.ADJ.NNTY.CD,2015408146.90732,2017.0
Bhutan,BTN,GDP per capita (current LCU),NY.GDP.PCAP.CN,221802.95502866802,2018.0
Bolivia,BOL,Adjusted net national income (annual % growth),NY.ADJ.NNTY.KD.ZG,3.59444624051247,2017.0
Bolivia,BOL,Adjusted net national income (current US$),NY.ADJ.NNTY.CD,29443373531.9325,2017.0
Bolivia,BOL,GDP per capita (current LCU),NY.GDP.PCAP.CN,24520.7578659723,2018.0
Bosnia and Herzegovina,BIH,Adjusted net national income (annual % growth),NY.ADJ.NNTY.KD.ZG,2.6446942728274503,2017.0
Bosnia and Herzegovina,BIH,Adjusted net national income (current US$),NY.ADJ.NNTY.CD,15366436363.8888,2017.0
Bosnia and Herzegovina,BIH,GDP per capita (current LCU),NY.GDP.PCAP.CN,10050.8196775563,2018.0
Botswana,BWA,Adjusted net national income (annual % growth),NY.ADJ.NNTY.KD.ZG,-2.16785476801479,2017.0
Botswana,BWA,Adjusted net national income (current US$),NY.ADJ.NNTY.CD,13119551415.5023,2017.0
Botswana,BWA,GDP per capita (current LCU),NY.GDP.PCAP.CN,84231.5380772858,2018.0
Brazil,BRA,Adjusted net national income (annual % growth),NY.ADJ.NNTY.KD.ZG,0.834743013961358,2017.0
Brazil,BRA,Adjusted net national income (current US$),NY.ADJ.NNTY.CD,1745205233145.84,2017.0
Brazil,BRA,GDP per capita (current LCU),NY.GDP.PCAP.CN,32594.6805778963,2018.0
British Virgin Islands,VGB,Adjusted net national income (annual % growth),NY.ADJ.NNTY.KD.ZG,NaN,1960.0
British Virgin Islands,VGB,Adjusted net national income (current US$),NY.ADJ.NNTY.CD,NaN,1960.0
British Virgin Islands,VGB,GDP per capita (current LCU),NY.GDP.PCAP.CN,NaN,1960.0
Brunei Darussalam,BRN,Adjusted net national income (annual % growth),NY.ADJ.NNTY.KD.ZG,2.8021799958247406,2017.0
Brunei Darussalam,BRN,Adjusted net national income (current US$),NY.ADJ.NNTY.CD,10430753497.7179,2017.0
Brunei Darussalam,BRN,GDP per capita (current LCU),NY.GDP.PCAP.CN,42663.4527067666,2018.0
Bulgaria,BGR,Adjusted net national income (annual % growth),NY.ADJ.NNTY.KD.ZG,5.37477583325534,2017.0
Bulgaria,BGR,Adjusted net national income (current US$),NY.ADJ.NNTY.CD,50265578906.7335,2017.0
Bulgaria,BGR,GDP per capita (current LCU),NY.GDP.PCAP.CN,15364.7467560793,2018.0
Burkina Faso,BFA,Adjusted net national income (annual % growth),NY.ADJ.NNTY.KD.ZG,4.39600624923622,2017.0
Burkina Faso,BFA,Adjusted net national income (current US$),NY.ADJ.NNTY.CD,8770542310.98477,2017.0
Burkina Faso,BFA,GDP per capita (current LCU),NY.GDP.PCAP.CN,397406.52696613205,2018.0
Burundi,BDI,Adjusted net national income (annual % growth),NY.ADJ.NNTY.KD.ZG,2.7932497932901,2017.0
Burundi,BDI,Adjusted net national income (current US$),NY.ADJ.NNTY.CD,2297326308.24925,2017.0
Burundi,BDI,GDP per capita (current LCU),NY.GDP.PCAP.CN,484501.284878239,2018.0
Cabo Verde,CPV,Adjusted net national income (annual % growth),NY.ADJ.NNTY.KD.ZG,3.38240874302298,2017.0
Cabo Verde,CPV,Adjusted net national income (current US$),NY.ADJ.NNTY.CD,1306335322.78554,2017.0
Cabo Verde,CPV,GDP per capita (current LCU),NY.GDP.PCAP.CN,339596.44130666304,2018.0
Cambodia,KHM,Adjusted net national income (annual % growth),NY.ADJ.NNTY.KD.ZG,8.46010650308995,2017.0
Cambodia,KHM,Adjusted net national income (current US$),NY.ADJ.NNTY.CD,18434698363.84,2017.0
Cambodia,KHM,GDP per capita (current LCU),NY.GDP.PCAP.CN,6125877.67505787,2018.0
Cameroon,CMR,Adjusted net national income (annual % growth),NY.ADJ.NNTY.KD.ZG,3.04842736760158,2017.0
Cameroon,CMR,Adjusted net national income (current US$),NY.ADJ.NNTY.CD,29052423887.784,2017.0
Cameroon,CMR,GDP per capita (current LCU),NY.GDP.PCAP.CN,852327.8076740791,2018.0
Canada,CAN,Adjusted net national income (annual % growth),NY.ADJ.NNTY.KD.ZG,5.10894569400942,2017.0
Canada,CAN,Adjusted net national income (current US$),NY.ADJ.NNTY.CD,1344757613682.21,2017.0
Canada,CAN,GDP per capita (current LCU),NY.GDP.PCAP.CN,59908.45156281559,2018.0
Cayman Islands,CYM,Adjusted net national income (annual % growth),NY.ADJ.NNTY.KD.ZG,NaN,1960.0
Cayman Islands,CYM,Adjusted net national income (current US$),NY.ADJ.NNTY.CD,NaN,1960.0
Cayman Islands,CYM,GDP per capita (current LCU),NY.GDP.PCAP.CN,67601.0570824524,2017.0
Central African Republic,CAF,Adjusted net national income (annual % growth),NY.ADJ.NNTY.KD.ZG,-12.0407467054619,2017.0
Central African Republic,CAF,Adjusted net national income (current US$),NY.ADJ.NNTY.CD,1484502400.49942,2017.0
Central African Republic,CAF,GDP per capita (current LCU),NY.GDP.PCAP.CN,264366.766765737,2018.0
Chad,TCD,Adjusted net national income (annual % growth),NY.ADJ.NNTY.KD.ZG,-12.4972738276049,2017.0
Chad,TCD,Adjusted net national income (current US$),NY.ADJ.NNTY.CD,7631261127.73843,2017.0
Chad,TCD,GDP per capita (current LCU),NY.GDP.PCAP.CN,404753.30039874703,2018.0
Channel Islands,CHI,Adjusted net national income (annual % growth),NY.ADJ.NNTY.KD.ZG,NaN,1960.0
Channel Islands,CHI,Adjusted net national income (current US$),NY.ADJ.NNTY.CD,NaN,1960.0
Channel Islands,CHI,GDP per capita (current LCU),NY.GDP.PCAP.CN,37216.4308440467,2007.0
Chile,CHL,Adjusted net national income (annual % growth),NY.ADJ.NNTY.KD.ZG,0.115271146920094,2017.0
Chile,CHL,Adjusted net national income (current US$),NY.ADJ.NNTY.CD,209700519908.97,2017.0
Chile,CHL,GDP per capita (current LCU),NY.GDP.PCAP.CN,10211280.7445214,2018.0
China,CHN,Adjusted net national income (annual % growth),NY.ADJ.NNTY.KD.ZG,5.37042967373074,2017.0
China,CHN,Adjusted net national income (current US$),NY.ADJ.NNTY.CD,9105743379895.28,2017.0
China,CHN,GDP per capita (current LCU),NY.GDP.PCAP.CN,64643.5059200276,2018.0
Colombia,COL,Adjusted net national income (annual % growth),NY.ADJ.NNTY.KD.ZG,1.07795649873248,2017.0
Colombia,COL,Adjusted net national income (current US$),NY.ADJ.NNTY.CD,255603066979.244,2017.0
Colombia,COL,GDP per capita (current LCU),NY.GDP.PCAP.CN,19708015.6418221,2018.0
Comoros,COM,Adjusted net national income (annual % growth),NY.ADJ.NNTY.KD.ZG,4.04777469338225,2017.0
Comoros,COM,Adjusted net national income (current US$),NY.ADJ.NNTY.CD,1004866701.34254,2017.0
Comoros,COM,GDP per capita (current LCU),NY.GDP.PCAP.CN,589865.460723134,2018.0
"Congo, Dem. Rep.",COD,Adjusted net national income (annual % growth),NY.ADJ.NNTY.KD.ZG,24.8064033747291,2017.0
"Congo, Dem. Rep.",COD,Adjusted net national income (current US$),NY.ADJ.NNTY.CD,28245843846.8747,2017.0
"Congo, Dem. Rep.",COD,GDP per capita (current LCU),NY.GDP.PCAP.CN,911496.68019225,2018.0
"Congo, Rep.",COG,Adjusted net national income (annual % growth),NY.ADJ.NNTY.KD.ZG,-19.5055042091161,2017.0
"Congo, Rep.",COG,Adjusted net national income (current US$),NY.ADJ.NNTY.CD,3500681832.28129,2017.0
"Congo, Rep.",COG,GDP per capita (current LCU),NY.GDP.PCAP.CN,1192656.38171881,2018.0
Costa Rica,CRI,Adjusted net national income (annual % growth),NY.ADJ.NNTY.KD.ZG,1.01063187182795,2017.0
Costa Rica,CRI,Adjusted net national income (current US$),NY.ADJ.NNTY.CD,51117088611.7192,2017.0
Costa Rica,CRI,GDP per capita (current LCU),NY.GDP.PCAP.CN,6939459.36171664,2018.0
Cote d'Ivoire,CIV,Adjusted net national income (annual % growth),NY.ADJ.NNTY.KD.ZG,-8.08586367399867,2016.0
Cote d'Ivoire,CIV,Adjusted net national income (current US$),NY.ADJ.NNTY.CD,33406005292.4225,2016.0
Cote d'Ivoire,CIV,GDP per capita (current LCU),NY.GDP.PCAP.CN,953351.297720405,2018.0
Croatia,HRV,Adjusted net national income (annual % growth),NY.ADJ.NNTY.KD.ZG,3.65095706633498,2017.0
Croatia,HRV,Adjusted net national income (current US$),NY.ADJ.NNTY.CD,44450761959.3438,2017.0
Croatia,HRV,GDP per capita (current LCU),NY.GDP.PCAP.CN,93617.96351543009,2018.0
Cuba,CUB,Adjusted net national income (annual % growth),NY.ADJ.NNTY.KD.ZG,5.60799287315066,2015.0
Cuba,CUB,Adjusted net national income (current US$),NY.ADJ.NNTY.CD,74991655808.1385,2015.0
Cuba,CUB,GDP per capita (current LCU),NY.GDP.PCAP.CN,8821.81889125004,2018.0
Curacao,CUW,Adjusted net national income (annual % growth),NY.ADJ.NNTY.KD.ZG,NaN,1960.0
Curacao,CUW,Adjusted net national income (current US$),NY.ADJ.NNTY.CD,NaN,1960.0
Curacao,CUW,GDP per capita (current LCU),NY.GDP.PCAP.CN,35026.5274588389,2018.0
Cyprus,CYP,Adjusted net national income (annual % growth),NY.ADJ.NNTY.KD.ZG,2.58577901154051,2017.0
Cyprus,CYP,Adjusted net national income (current US$),NY.ADJ.NNTY.CD,18460263311.0658,2017.0
Cyprus,CYP,GDP per capita (current LCU),NY.GDP.PCAP.CN,24294.4367566673,2018.0
Czech Republic,CZE,Adjusted net national income (annual % growth),NY.ADJ.NNTY.KD.ZG,5.1590025626971,2017.0
Czech Republic,CZE,Adjusted net national income (current US$),NY.ADJ.NNTY.CD,158942932886.18802,2017.0
Czech Republic,CZE,GDP per capita (current LCU),NY.GDP.PCAP.CN,501495.47864869103,2018.0
Denmark,DNK,Adjusted net national income (annual % growth),NY.ADJ.NNTY.KD.ZG,2.54699173457095,2017.0
Denmark,DNK,Adjusted net national income (current US$),NY.ADJ.NNTY.CD,278259191793.81104,2017.0
Denmark,DNK,GDP per capita (current LCU),NY.GDP.PCAP.CN,387404.059477225,2018.0
Djibouti,DJI,Adjusted net national income (annual % growth),NY.ADJ.NNTY.KD.ZG,14.3693905851,2017.0
Djibouti,DJI,Adjusted net national income (current US$),NY.ADJ.NNTY.CD,1384524738.22481,2017.0
Djibouti,DJI,GDP per capita (current LCU),NY.GDP.PCAP.CN,547829.559504443,2018.0
Dominica,DMA,Adjusted net national income (annual % growth),NY.ADJ.NNTY.KD.ZG,NaN,1960.0
Dominica,DMA,Adjusted net national income (current US$),NY.ADJ.NNTY.CD,380891737.55896,2017.0
Dominica,DMA,GDP per capita (current LCU),NY.GDP.PCAP.CN,20766.6317626527,2018.0
Dominican Republic,DOM,Adjusted net national income (annual % growth),NY.ADJ.NNTY.KD.ZG,2.3721193040854303,2017.0
Dominican Republic,DOM,Adjusted net national income (current US$),NY.ADJ.NNTY.CD,67889783102.0217,2017.0
Dominican Republic,DOM,GDP per capita (current LCU),NY.GDP.PCAP.CN,398586.71310255706,2018.0
Ecuador,ECU,Adjusted net national income (annual % growth),NY.ADJ.NNTY.KD.ZG,2.11515787515286,2017.0
Ecuador,ECU,Adjusted net national income (current US$),NY.ADJ.NNTY.CD,84284354261.4574,2017.0
Ecuador,ECU,GDP per capita (current LCU),NY.GDP.PCAP.CN,6344.87197850057,2018.0
"Egypt, Arab Rep.",EGY,Adjusted net national income (annual % growth),NY.ADJ.NNTY.KD.ZG,-1.28229699710619,2017.0
"Egypt, Arab Rep.",EGY,Adjusted net national income (current US$),NY.ADJ.NNTY.CD,208956126325.018,2017.0
"Egypt, Arab Rep.",EGY,GDP per capita (current LCU),NY.GDP.PCAP.CN,45084.717744764406,2018.0
El Salvador,SLV,Adjusted net national income (annual % growth),NY.ADJ.NNTY.KD.ZG,0.630321447725478,2017.0
El Salvador,SLV,Adjusted net national income (current US$),NY.ADJ.NNTY.CD,20702091937.1485,2017.0
El Salvador,SLV,GDP per capita (current LCU),NY.GDP.PCAP.CN,4058.2524392811797,2018.0
Equatorial Guinea,GNQ,Adjusted net national income (annual % growth),NY.ADJ.NNTY.KD.ZG,-2.4157206750662796,2017.0
Equatorial Guinea,GNQ,Adjusted net national income (current US$),NY.ADJ.NNTY.CD,5914982754.45909,2017.0
Equatorial Guinea,GNQ,GDP per capita (current LCU),NY.GDP.PCAP.CN,5702813.04303982,2018.0
Eritrea,ERI,Adjusted net national income (annual % growth),NY.ADJ.NNTY.KD.ZG,-19.3351621910148,2011.0
Eritrea,ERI,Adjusted net national income (current US$),NY.ADJ.NNTY.CD,1948236576.57929,2011.0
Eritrea,ERI,GDP per capita (current LCU),NY.GDP.PCAP.CN,12474.9064397574,2011.0
Estonia,EST,Adjusted net national income (annual % growth),NY.ADJ.NNTY.KD.ZG,5.982466637115119,2017.0
Estonia,EST,Adjusted net national income (current US$),NY.ADJ.NNTY.CD,21923747324.1418,2017.0
Estonia,EST,GDP per capita (current LCU),NY.GDP.PCAP.CN,19710.9314671084,2018.0
Eswatini,SWZ,Adjusted net national income (annual % growth),NY.ADJ.NNTY.KD.ZG,-0.18562924297584998,2017.0
Eswatini,SWZ,Adjusted net national income (current US$),NY.ADJ.NNTY.CD,3741379218.59842,2017.0
Eswatini,SWZ,GDP per capita (current LCU),NY.GDP.PCAP.CN,54896.4286154353,2018.0
Ethiopia,ETH,Adjusted net national income (annual % growth),NY.ADJ.NNTY.KD.ZG,7.977093929156379,2017.0
Ethiopia,ETH,Adjusted net national income (current US$),NY.ADJ.NNTY.CD,59545264584.1675,2017.0
Ethiopia,ETH,GDP per capita (current LCU),NY.GDP.PCAP.CN,20163.7161107696,2018.0
Faroe Islands,FRO,Adjusted net national income (annual % growth),NY.ADJ.NNTY.KD.ZG,NaN,1960.0
Faroe Islands,FRO,Adjusted net national income (current US$),NY.ADJ.NNTY.CD,NaN,1960.0
Faroe Islands,FRO,GDP per capita (current LCU),NY.GDP.PCAP.CN,387080.755622685,2017.0
Fiji,FJI,Adjusted net national income (annual % growth),NY.ADJ.NNTY.KD.ZG,NaN,1960.0
Fiji,FJI,Adjusted net national income (current US$),NY.ADJ.NNTY.CD,4213790202.42212,2017.0
Fiji,FJI,GDP per capita (current LCU),NY.GDP.PCAP.CN,13081.668930726999,2018.0
Finland,FIN,Adjusted net national income (annual % growth),NY.ADJ.NNTY.KD.ZG,2.8955769853404396,2017.0
Finland,FIN,Adjusted net national income (current US$),NY.ADJ.NNTY.CD,208368616478.76602,2017.0
Finland,FIN,GDP per capita (current LCU),NY.GDP.PCAP.CN,42488.3790469459,2018.0
France,FRA,Adjusted net national income (annual % growth),NY.ADJ.NNTY.KD.ZG,2.38312728051442,2017.0
France,FRA,Adjusted net national income (current US$),NY.ADJ.NNTY.CD,2184601608544.74,2017.0
France,FRA,GDP per capita (current LCU),NY.GDP.PCAP.CN,35127.4341126797,2018.0
French Polynesia,PYF,Adjusted net national income (annual % growth),NY.ADJ.NNTY.KD.ZG,NaN,1960.0
French Polynesia,PYF,Adjusted net national income (current US$),NY.ADJ.NNTY.CD,NaN,1960.0
French Polynesia,PYF,GDP per capita (current LCU),NY.GDP.PCAP.CN,1854075.40194278,2000.0
Gabon,GAB,Adjusted net national income (annual % growth),NY.ADJ.NNTY.KD.ZG,2.58225860812631,2017.0
Gabon,GAB,Adjusted net national income (current US$),NY.ADJ.NNTY.CD,10341546143.5841,2017.0
Gabon,GAB,GDP per capita (current LCU),NY.GDP.PCAP.CN,4419481.07197037,2018.0
"Gambia, The",GMB,Adjusted net national income (annual % growth),NY.ADJ.NNTY.KD.ZG,8.52700061326621,2017.0
"Gambia, The",GMB,Adjusted net national income (current US$),NY.ADJ.NNTY.CD,1066613547.81874,2017.0
"Gambia, The",GMB,GDP per capita (current LCU),NY.GDP.PCAP.CN,34482.0361983806,2018.0
Georgia,GEO,Adjusted net national income (annual % growth),NY.ADJ.NNTY.KD.ZG,1.9978880232069498,2017.0
Georgia,GEO,Adjusted net national income (current US$),NY.ADJ.NNTY.CD,12682827048.4305,2017.0
Georgia,GEO,GDP per capita (current LCU),NY.GDP.PCAP.CN,11953.712141517,2018.0
Germany,DEU,Adjusted net national income (annual % growth),NY.ADJ.NNTY.KD.ZG,2.58550360819771,2017.0
Germany,DEU,Adjusted net national income (current US$),NY.ADJ.NNTY.CD,3123730732883.42,2017.0
Germany,DEU,GDP per capita (current LCU),NY.GDP.PCAP.CN,40328.6362342469,2018.0
Ghana,GHA,Adjusted net national income (annual % growth),NY.ADJ.NNTY.KD.ZG,-0.7022241206393011,2017.0
Ghana,GHA,Adjusted net national income (current US$),NY.ADJ.NNTY.CD,37112618582.1576,2017.0
Ghana,GHA,GDP per capita (current LCU),NY.GDP.PCAP.CN,10098.261967538101,2018.0
Gibraltar,GIB,Adjusted net national income (annual % growth),NY.ADJ.NNTY.KD.ZG,NaN,1960.0
Gibraltar,GIB,Adjusted net national income (current US$),NY.ADJ.NNTY.CD,NaN,1960.0
Gibraltar,GIB,GDP per capita (current LCU),NY.GDP.PCAP.CN,NaN,1960.0
Greece,GRC,Adjusted net national income (annual % growth),NY.ADJ.NNTY.KD.ZG,2.12805766416086,2017.0
Greece,GRC,Adjusted net national income (current US$),NY.ADJ.NNTY.CD,169711696404.817,2017.0
Greece,GRC,GDP per capita (current LCU),NY.GDP.PCAP.CN,17218.4306225733,2018.0
Greenland,GRL,Adjusted net national income (annual % growth),NY.ADJ.NNTY.KD.ZG,NaN,1960.0
Greenland,GRL,Adjusted net national income (current US$),NY.ADJ.NNTY.CD,NaN,1960.0
Greenland,GRL,GDP per capita (current LCU),NY.GDP.PCAP.CN,343950.022311468,2018.0
Grenada,GRD,Adjusted net national income (annual % growth),NY.ADJ.NNTY.KD.ZG,NaN,1960.0
Grenada,GRD,Adjusted net national income (current US$),NY.ADJ.NNTY.CD,NaN,1960.0
Grenada,GRD,GDP per capita (current LCU),NY.GDP.PCAP.CN,28729.3412528936,2018.0
Guam,GUM,Adjusted net national income (annual % growth),NY.ADJ.NNTY.KD.ZG,NaN,1960.0
Guam,GUM,Adjusted net national income (current US$),NY.ADJ.NNTY.CD,NaN,1960.0
Guam,GUM,GDP per capita (current LCU),NY.GDP.PCAP.CN,35712.5621350321,2018.0
Guatemala,GTM,Adjusted net national income (annual % growth),NY.ADJ.NNTY.KD.ZG,2.87091539225757,2017.0
Guatemala,GTM,Adjusted net national income (current US$),NY.ADJ.NNTY.CD,64027189441.4327,2017.0
Guatemala,GTM,GDP per capita (current LCU),NY.GDP.PCAP.CN,34204.916601861296,2018.0
Guinea,GIN,Adjusted net national income (annual % growth),NY.ADJ.NNTY.KD.ZG,17.2842363566375,2017.0
Guinea,GIN,Adjusted net national income (current US$),NY.ADJ.NNTY.CD,8314136884.025259,2017.0
Guinea,GIN,GDP per capita (current LCU),NY.GDP.PCAP.CN,7917179.02306836,2018.0
Guinea-Bissau,GNB,Adjusted net national income (annual % growth),NY.ADJ.NNTY.KD.ZG,11.729775308342099,2017.0
Guinea-Bissau,GNB,Adjusted net national income (current US$),NY.ADJ.NNTY.CD,1118926319.8478699,2017.0
Guinea-Bissau,GNB,GDP per capita (current LCU),NY.GDP.PCAP.CN,432331.73341027,2018.0
Guyana,GUY,Adjusted net national income (annual % growth),NY.ADJ.NNTY.KD.ZG,3.65416245374041,2017.0
Guyana,GUY,Adjusted net national income (current US$),NY.ADJ.NNTY.CD,3010529993.07461,2017.0
Guyana,GUY,GDP per capita (current LCU),NY.GDP.PCAP.CN,1034221.90386699,2018.0
Haiti,HTI,Adjusted net national income (annual % growth),NY.ADJ.NNTY.KD.ZG,-3.9487617498869105,2017.0
Haiti,HTI,Adjusted net national income (current US$),NY.ADJ.NNTY.CD,7887356907.227321,2017.0
Haiti,HTI,GDP per capita (current LCU),NY.GDP.PCAP.CN,56802.9408821725,2018.0
Honduras,HND,Adjusted net national income (annual % growth),NY.ADJ.NNTY.KD.ZG,4.264619874274691,2017.0
Honduras,HND,Adjusted net national income (current US$),NY.ADJ.NNTY.CD,19761207597.4825,2017.0
Honduras,HND,GDP per capita (current LCU),NY.GDP.PCAP.CN,59759.4560930343,2018.0
"Hong Kong SAR, China",HKG,Adjusted net national income (annual % growth),NY.ADJ.NNTY.KD.ZG,NaN,1960.0
"Hong Kong SAR, China",HKG,Adjusted net national income (current US$),NY.ADJ.NNTY.CD,26987697429.032,1980.0
"Hong Kong SAR, China",HKG,GDP per capita (current LCU),NY.GDP.PCAP.CN,381543.81962152704,2018.0
Hungary,HUN,Adjusted net national income (annual % growth),NY.ADJ.NNTY.KD.ZG,2.01141018619498,2017.0
Hungary,HUN,Adjusted net national income (current US$),NY.ADJ.NNTY.CD,111080967567.41699,2017.0
Hungary,HUN,GDP per capita (current LCU),NY.GDP.PCAP.CN,4367155.69029311,2018.0
Iceland,ISL,Adjusted net national income (annual % growth),NY.ADJ.NNTY.KD.ZG,7.72660824720192,2017.0
Iceland,ISL,Adjusted net national income (current US$),NY.ADJ.NNTY.CD,20473341011.3367,2017.0
Iceland,ISL,GDP per capita (current LCU),NY.GDP.PCAP.CN,7926610.80104024,2018.0
India,IND,Adjusted net national income (annual % growth),NY.ADJ.NNTY.KD.ZG,5.1369645198414,2017.0
India,IND,Adjusted net national income (current US$),NY.ADJ.NNTY.CD,2246937866469.35,2017.0
India,IND,GDP per capita (current LCU),NY.GDP.PCAP.CN,140543.55063903198,2018.0
Indonesia,IDN,Adjusted net national income (annual % growth),NY.ADJ.NNTY.KD.ZG,3.03870595271505,2017.0
Indonesia,IDN,Adjusted net national income (current US$),NY.ADJ.NNTY.CD,776603323222.244,2017.0
Indonesia,IDN,GDP per capita (current LCU),NY.GDP.PCAP.CN,55432889.0683182,2018.0
"Iran, Islamic Rep.",IRN,Adjusted net national income (annual % growth),NY.ADJ.NNTY.KD.ZG,2.22535605601217,2017.0
"Iran, Islamic Rep.",IRN,Adjusted net national income (current US$),NY.ADJ.NNTY.CD,341892669488.163,2017.0
"Iran, Islamic Rep.",IRN,GDP per capita (current LCU),NY.GDP.PCAP.CN,189857194.424505,2017.0
Iraq,IRQ,Adjusted net national income (annual % growth),NY.ADJ.NNTY.KD.ZG,NaN,1960.0
Iraq,IRQ,Adjusted net national income (current US$),NY.ADJ.NNTY.CD,148096092584.701,2017.0
Iraq,IRQ,GDP per capita (current LCU),NY.GDP.PCAP.CN,6895984.46111905,2018.0
Ireland,IRL,Adjusted net national income (annual % growth),NY.ADJ.NNTY.KD.ZG,-0.374324486294242,2017.0
Ireland,IRL,Adjusted net national income (current US$),NY.ADJ.NNTY.CD,182624418270.198,2017.0
Ireland,IRL,GDP per capita (current LCU),NY.GDP.PCAP.CN,66763.735143214,2018.0
Isle of Man,IMN,Adjusted net national income (annual % growth),NY.ADJ.NNTY.KD.ZG,NaN,1960.0
Isle of Man,IMN,Adjusted net national income (current US$),NY.ADJ.NNTY.CD,NaN,1960.0
Isle of Man,IMN,GDP per capita (current LCU),NY.GDP.PCAP.CN,62928.58680829679,2017.0
Israel,ISR,Adjusted net national income (annual % growth),NY.ADJ.NNTY.KD.ZG,3.49736171488473,2017.0
Israel,ISR,Adjusted net national income (current US$),NY.ADJ.NNTY.CD,304526022391.726,2017.0
Israel,ISR,GDP per capita (current LCU),NY.GDP.PCAP.CN,149780.237409667,2018.0
Italy,ITA,Adjusted net national income (annual % growth),NY.ADJ.NNTY.KD.ZG,1.44427036638123,2017.0
Italy,ITA,Adjusted net national income (current US$),NY.ADJ.NNTY.CD,1606484388105.07,2017.0
Italy,ITA,GDP per capita (current LCU),NY.GDP.PCAP.CN,29213.700460405602,2018.0
Jamaica,JAM,Adjusted net national income (annual % growth),NY.ADJ.NNTY.KD.ZG,0.987177368187147,2017.0
Jamaica,JAM,Adjusted net national income (current US$),NY.ADJ.NNTY.CD,12964997984.5843,2017.0
Jamaica,JAM,GDP per capita (current LCU),NY.GDP.PCAP.CN,690008.535345017,2018.0
Japan,JPN,Adjusted net national income (annual % growth),NY.ADJ.NNTY.KD.ZG,1.20747696395908,2017.0
Japan,JPN,Adjusted net national income (current US$),NY.ADJ.NNTY.CD,3943982707337.82,2017.0
Japan,JPN,GDP per capita (current LCU),NY.GDP.PCAP.CN,4338522.12653058,2018.0
Jordan,JOR,Adjusted net national income (annual % growth),NY.ADJ.NNTY.KD.ZG,2.6294524120411,2017.0
Jordan,JOR,Adjusted net national income (current US$),NY.ADJ.NNTY.CD,36288627908.6334,2017.0
Jordan,JOR,GDP per capita (current LCU),NY.GDP.PCAP.CN,3011.67003531836,2018.0
Kazakhstan,KAZ,Adjusted net national income (annual % growth),NY.ADJ.NNTY.KD.ZG,2.35771731165062,2017.0
Kazakhstan,KAZ,Adjusted net national income (current US$),NY.ADJ.NNTY.CD,115039396462.767,2017.0
Kazakhstan,KAZ,GDP per capita (current LCU),NY.GDP.PCAP.CN,3382460.52485216,2018.0
Kenya,KEN,Adjusted net national income (annual % growth),NY.ADJ.NNTY.KD.ZG,1.87871059761586,2017.0
Kenya,KEN,Adjusted net national income (current US$),NY.ADJ.NNTY.CD,66332214919.2346,2017.0
Kenya,KEN,GDP per capita (current LCU),NY.GDP.PCAP.CN,173272.278111362,2018.0
Kiribati,KIR,Adjusted net national income (annual % growth),NY.ADJ.NNTY.KD.ZG,NaN,1960.0
Kiribati,KIR,Adjusted net national income (current US$),NY.ADJ.NNTY.CD,346733795.184538,2017.0
Kiribati,KIR,GDP per capita (current LCU),NY.GDP.PCAP.CN,2175.2829162602397,2018.0
"Korea, Dem. People’s Rep.",PRK,Adjusted net national income (annual % growth),NY.ADJ.NNTY.KD.ZG,NaN,1960.0
"Korea, Dem. People’s Rep.",PRK,Adjusted net national income (current US$),NY.ADJ.NNTY.CD,NaN,1960.0
"Korea, Dem. People’s Rep.",PRK,GDP per capita (current LCU),NY.GDP.PCAP.CN,NaN,1960.0
"Korea, Rep.",KOR,Adjusted net national income (annual % growth),NY.ADJ.NNTY.KD.ZG,3.15691682513068,2017.0
"Korea, Rep.",KOR,Adjusted net national income (current US$),NY.ADJ.NNTY.CD,1236625556792.74,2017.0
"Korea, Rep.",KOR,GDP per capita (current LCU),NY.GDP.PCAP.CN,34516511.3541802,2018.0
Kosovo,XKX,Adjusted net national income (annual % growth),NY.ADJ.NNTY.KD.ZG,NaN,1960.0
Kosovo,XKX,Adjusted net national income (current US$),NY.ADJ.NNTY.CD,NaN,1960.0
Kosovo,XKX,GDP per capita (current LCU),NY.GDP.PCAP.CN,3644.88863599415,2018.0
Kuwait,KWT,Adjusted net national income (annual % growth),NY.ADJ.NNTY.KD.ZG,9.11945756123673,2017.0
Kuwait,KWT,Adjusted net national income (current US$),NY.ADJ.NNTY.CD,116157524244.17801,2017.0
Kuwait,KWT,GDP per capita (current LCU),NY.GDP.PCAP.CN,10266.3107831685,2018.0
Kyrgyz Republic,KGZ,Adjusted net national income (annual % growth),NY.ADJ.NNTY.KD.ZG,8.30040069355096,2017.0
Kyrgyz Republic,KGZ,Adjusted net national income (current US$),NY.ADJ.NNTY.CD,6018099445.84197,2017.0
Kyrgyz Republic,KGZ,GDP per capita (current LCU),NY.GDP.PCAP.CN,88209.4588175686,2018.0
Lao PDR,LAO,Adjusted net national income (annual % growth),NY.ADJ.NNTY.KD.ZG,14.119450912424801,2016.0
Lao PDR,LAO,Adjusted net national income (current US$),NY.ADJ.NNTY.CD,12401984306.1392,2017.0
Lao PDR,LAO,GDP per capita (current LCU),NY.GDP.PCAP.CN,21583778.0802313,2018.0
Latvia,LVA,Adjusted net national income (annual % growth),NY.ADJ.NNTY.KD.ZG,6.336845754997469,2017.0
Latvia,LVA,Adjusted net national income (current US$),NY.ADJ.NNTY.CD,23999984102.7294,2017.0
Latvia,LVA,GDP per capita (current LCU),NY.GDP.PCAP.CN,15131.2714698148,2018.0
Lebanon,LBN,Adjusted net national income (annual % growth),NY.ADJ.NNTY.KD.ZG,1.2014556189702401,2017.0
Lebanon,LBN,Adjusted net national income (current US$),NY.ADJ.NNTY.CD,43039011489.3273,2017.0
Lebanon,LBN,GDP per capita (current LCU),NY.GDP.PCAP.CN,12466704.9208452,2018.0
Lesotho,LSO,Adjusted net national income (annual % growth),NY.ADJ.NNTY.KD.ZG,-4.0041710382607505,2017.0
Lesotho,LSO,Adjusted net national income (current US$),NY.ADJ.NNTY.CD,2397283572.38379,2017.0
Lesotho,LSO,GDP per capita (current LCU),NY.GDP.PCAP.CN,17215.680353351498,2018.0
Liberia,LBR,Adjusted net national income (annual % growth),NY.ADJ.NNTY.KD.ZG,-1.61593308680321,2017.0
Liberia,LBR,Adjusted net national income (current US$),NY.ADJ.NNTY.CD,1588948937.4327,2017.0
Liberia,LBR,GDP per capita (current LCU),NY.GDP.PCAP.CN,677.322178545364,2018.0
Libya,LBY,Adjusted net national income (annual % growth),NY.ADJ.NNTY.KD.ZG,NaN,1960.0
Libya,LBY,Adjusted net national income (current US$),NY.ADJ.NNTY.CD,32830544681.4055,2017.0
Libya,LBY,GDP per capita (current LCU),NY.GDP.PCAP.CN,9884.92661674278,2018.0
Liechtenstein,LIE,Adjusted net national income (annual % growth),NY.ADJ.NNTY.KD.ZG,NaN,1960.0
Liechtenstein,LIE,Adjusted net national income (current US$),NY.ADJ.NNTY.CD,NaN,1960.0
Liechtenstein,LIE,GDP per capita (current LCU),NY.GDP.PCAP.CN,162618.83265176098,2016.0
Lithuania,LTU,Adjusted net national income (annual % growth),NY.ADJ.NNTY.KD.ZG,-13.044514927662402,2009.0
Lithuania,LTU,Adjusted net national income (current US$),NY.ADJ.NNTY.CD,32585365721.9379,2009.0
Lithuania,LTU,GDP per capita (current LCU),NY.GDP.PCAP.CN,16226.5070533311,2018.0
Luxembourg,LUX,Adjusted net national income (annual % growth),NY.ADJ.NNTY.KD.ZG,6.89006815684156,2017.0
Luxembourg,LUX,Adjusted net national income (current US$),NY.ADJ.NNTY.CD,36309661524.8918,2017.0
Luxembourg,LUX,GDP per capita (current LCU),NY.GDP.PCAP.CN,98815.7234815575,2018.0
"Macao SAR, China",MAC,Adjusted net national income (annual % growth),NY.ADJ.NNTY.KD.ZG,NaN,1960.0
"Macao SAR, China",MAC,Adjusted net national income (current US$),NY.ADJ.NNTY.CD,NaN,1960.0
"Macao SAR, China",MAC,GDP per capita (current LCU),NY.GDP.PCAP.CN,703990.9061548109,2018.0
Madagascar,MDG,Adjusted net national income (annual % growth),NY.ADJ.NNTY.KD.ZG,3.76355813513875,2017.0
Madagascar,MDG,Adjusted net national income (current US$),NY.ADJ.NNTY.CD,10358130123.0682,2017.0
Madagascar,MDG,GDP per capita (current LCU),NY.GDP.PCAP.CN,1758733.43618519,2018.0
Malawi,MWI,Adjusted net national income (annual % growth),NY.ADJ.NNTY.KD.ZG,17.8746313376444,2017.0
Malawi,MWI,Adjusted net national income (current US$),NY.ADJ.NNTY.CD,4292768729.2750797,2017.0
Malawi,MWI,GDP per capita (current LCU),NY.GDP.PCAP.CN,285168.83513294,2018.0
Malaysia,MYS,Adjusted net national income (annual % growth),NY.ADJ.NNTY.KD.ZG,5.90428990244651,2017.0
Malaysia,MYS,Adjusted net national income (current US$),NY.ADJ.NNTY.CD,242745259026.643,2017.0
Malaysia,MYS,GDP per capita (current LCU),NY.GDP.PCAP.CN,45892.1324886607,2018.0
Maldives,MDV,Adjusted net national income (annual % growth),NY.ADJ.NNTY.KD.ZG,NaN,1960.0
Maldives,MDV,Adjusted net national income (current US$),NY.ADJ.NNTY.CD,3784477350.0720296,2017.0
Maldives,MDV,GDP per capita (current LCU),NY.GDP.PCAP.CN,158996.438793398,2018.0
Mali,MLI,Adjusted net national income (annual % growth),NY.ADJ.NNTY.KD.ZG,6.7453241680270395,2017.0
Mali,MLI,Adjusted net national income (current US$),NY.ADJ.NNTY.CD,11713359949.2058,2017.0
Mali,MLI,GDP per capita (current LCU),NY.GDP.PCAP.CN,499957.024875653,2018.0
Malta,MLT,Adjusted net national income (annual % growth),NY.ADJ.NNTY.KD.ZG,NaN,1960.0
Malta,MLT,Adjusted net national income (current US$),NY.ADJ.NNTY.CD,NaN,1960.0
Malta,MLT,GDP per capita (current LCU),NY.GDP.PCAP.CN,25487.226306905897,2018.0
Marshall Islands,MHL,Adjusted net national income (annual % growth),NY.ADJ.NNTY.KD.ZG,NaN,1960.0
Marshall Islands,MHL,Adjusted net national income (current US$),NY.ADJ.NNTY.CD,NaN,1960.0
Marshall Islands,MHL,GDP per capita (current LCU),NY.GDP.PCAP.CN,3788.1635937205797,2018.0
Mauritania,MRT,Adjusted net national income (annual % growth),NY.ADJ.NNTY.KD.ZG,1.13568538195786,2017.0
Mauritania,MRT,Adjusted net national income (current US$),NY.ADJ.NNTY.CD,3110457480.22829,2017.0
Mauritania,MRT,GDP per capita (current LCU),NY.GDP.PCAP.CN,42441.394775168505,2018.0
Mauritius,MUS,Adjusted net national income (annual % growth),NY.ADJ.NNTY.KD.ZG,3.7194973924210797,2017.0
Mauritius,MUS,Adjusted net national income (current US$),NY.ADJ.NNTY.CD,11018160157.7674,2017.0
Mauritius,MUS,GDP per capita (current LCU),NY.GDP.PCAP.CN,381378.215336564,2018.0
Mexico,MEX,Adjusted net national income (annual % growth),NY.ADJ.NNTY.KD.ZG,2.2233808962702595,2017.0
Mexico,MEX,Adjusted net national income (current US$),NY.ADJ.NNTY.CD,900512601093.655,2017.0
Mexico,MEX,GDP per capita (current LCU),NY.GDP.PCAP.CN,186158.65208798,2018.0
"Micronesia, Fed. Sts.",FSM,Adjusted net national income (annual % growth),NY.ADJ.NNTY.KD.ZG,NaN,1960.0
"Micronesia, Fed. Sts.",FSM,Adjusted net national income (current US$),NY.ADJ.NNTY.CD,NaN,1960.0
"Micronesia, Fed. Sts.",FSM,GDP per capita (current LCU),NY.GDP.PCAP.CN,3568.2908293609794,2018.0
Moldova,MDA,Adjusted net national income (annual % growth),NY.ADJ.NNTY.KD.ZG,5.21063984729919,2017.0
Moldova,MDA,Adjusted net national income (current US$),NY.ADJ.NNTY.CD,8171333795.63991,2017.0
Moldova,MDA,GDP per capita (current LCU),NY.GDP.PCAP.CN,54225.622174554504,2018.0
Monaco,MCO,Adjusted net national income (annual % growth),NY.ADJ.NNTY.KD.ZG,NaN,1960.0
Monaco,MCO,Adjusted net national income (current US$),NY.ADJ.NNTY.CD,NaN,1960.0
Monaco,MCO,GDP per capita (current LCU),NY.GDP.PCAP.CN,157360.012408872,2018.0
Mongolia,MNG,Adjusted net national income (annual % growth),NY.ADJ.NNTY.KD.ZG,-11.3390398088836,2017.0
Mongolia,MNG,Adjusted net national income (current US$),NY.ADJ.NNTY.CD,6485706345.26003,2017.0
Mongolia,MNG,GDP per capita (current LCU),NY.GDP.PCAP.CN,10190917.909235,2018.0
Montenegro,MNE,Adjusted net national income (annual % growth),NY.ADJ.NNTY.KD.ZG,7.955657499999489,2017.0
Montenegro,MNE,Adjusted net national income (current US$),NY.ADJ.NNTY.CD,4332748531.17083,2017.0
Montenegro,MNE,GDP per capita (current LCU),NY.GDP.PCAP.CN,7492.837574014409,2018.0
Morocco,MAR,Adjusted net national income (annual % growth),NY.ADJ.NNTY.KD.ZG,3.75481438799923,2017.0
Morocco,MAR,Adjusted net national income (current US$),NY.ADJ.NNTY.CD,94571926187.3725,2017.0
Morocco,MAR,GDP per capita (current LCU),NY.GDP.PCAP.CN,30243.897373904703,2018.0
Mozambique,MOZ,Adjusted net national income (annual % growth),NY.ADJ.NNTY.KD.ZG,8.69683652252647,2017.0
Mozambique,MOZ,Adjusted net national income (current US$),NY.ADJ.NNTY.CD,9454544605.829609,2017.0
Mozambique,MOZ,GDP per capita (current LCU),NY.GDP.PCAP.CN,30099.245039032798,2018.0
Myanmar,MMR,Adjusted net national income (annual % growth),NY.ADJ.NNTY.KD.ZG,3.5064494375860296,2017.0
Myanmar,MMR,Adjusted net national income (current US$),NY.ADJ.NNTY.CD,60584497530.4959,2017.0
Myanmar,MMR,GDP per capita (current LCU),NY.GDP.PCAP.CN,1936594.15625621,2018.0
Namibia,NAM,Adjusted net national income (annual % growth),NY.ADJ.NNTY.KD.ZG,1.30858093170954,2017.0
Namibia,NAM,Adjusted net national income (current US$),NY.ADJ.NNTY.CD,11350643531.8782,2017.0
Namibia,NAM,GDP per capita (current LCU),NY.GDP.PCAP.CN,78479.6595125916,2018.0
Nauru,NRU,Adjusted net national income (annual % growth),NY.ADJ.NNTY.KD.ZG,NaN,1960.0
Nauru,NRU,Adjusted net national income (current US$),NY.ADJ.NNTY.CD,NaN,1960.0
Nauru,NRU,GDP per capita (current LCU),NY.GDP.PCAP.CN,12757.661628883301,2018.0
Nepal,NPL,Adjusted net national income (annual % growth),NY.ADJ.NNTY.KD.ZG,10.031734242213401,2017.0
Nepal,NPL,Adjusted net national income (current US$),NY.ADJ.NNTY.CD,23173614671.4374,2017.0
Nepal,NPL,GDP per capita (current LCU),NY.GDP.PCAP.CN,107912.54214263699,2018.0
Netherlands,NLD,Adjusted net national income (annual % growth),NY.ADJ.NNTY.KD.ZG,5.22112916496586,2017.0
Netherlands,NLD,Adjusted net national income (current US$),NY.ADJ.NNTY.CD,694586888425.0911,2017.0
Netherlands,NLD,GDP per capita (current LCU),NY.GDP.PCAP.CN,44921.2603063418,2018.0
New Caledonia,NCL,Adjusted net national income (annual % growth),NY.ADJ.NNTY.KD.ZG,NaN,1960.0
New Caledonia,NCL,Adjusted net national income (current US$),NY.ADJ.NNTY.CD,NaN,1960.0
New Caledonia,NCL,GDP per capita (current LCU),NY.GDP.PCAP.CN,1628302.82117901,2000.0
New Zealand,NZL,Adjusted net national income (annual % growth),NY.ADJ.NNTY.KD.ZG,3.7241698953803097,2017.0
New Zealand,NZL,Adjusted net national income (current US$),NY.ADJ.NNTY.CD,167595869865.87198,2017.0
New Zealand,NZL,GDP per capita (current LCU),NY.GDP.PCAP.CN,60621.8401391874,2018.0
Nicaragua,NIC,Adjusted net national income (annual % growth),NY.ADJ.NNTY.KD.ZG,5.52353128993843,2017.0
Nicaragua,NIC,Adjusted net national income (current US$),NY.ADJ.NNTY.CD,11699439001.1029,2017.0
Nicaragua,NIC,GDP per capita (current LCU),NY.GDP.PCAP.CN,64018.121995887996,2018.0
Niger,NER,Adjusted net national income (annual % growth),NY.ADJ.NNTY.KD.ZG,2.1607196373992403,2017.0
Niger,NER,Adjusted net national income (current US$),NY.ADJ.NNTY.CD,6589834409.49519,2017.0
Niger,NER,GDP per capita (current LCU),NY.GDP.PCAP.CN,230056.22431686101,2018.0
Nigeria,NGA,Adjusted net national income (annual % growth),NY.ADJ.NNTY.KD.ZG,-2.9246951219483,2017.0
Nigeria,NGA,Adjusted net national income (current US$),NY.ADJ.NNTY.CD,306207626174.98303,2017.0
Nigeria,NGA,GDP per capita (current LCU),NY.GDP.PCAP.CN,659159.1403071929,2018.0
North Macedonia,MKD,Adjusted net national income (annual % growth),NY.ADJ.NNTY.KD.ZG,0.659957604563616,2017.0
North Macedonia,MKD,Adjusted net national income (current US$),NY.ADJ.NNTY.CD,8729106304.2615,2017.0
North Macedonia,MKD,GDP per capita (current LCU),NY.GDP.PCAP.CN,317004.951612082,2018.0
Northern Mariana Islands,MNP,Adjusted net national income (annual % growth),NY.ADJ.NNTY.KD.ZG,NaN,1960.0
Northern Mariana Islands,MNP,Adjusted net national income (current US$),NY.ADJ.NNTY.CD,NaN,1960.0
Northern Mariana Islands,MNP,GDP per capita (current LCU),NY.GDP.PCAP.CN,23258.675855279398,2018.0
Norway,NOR,Adjusted net national income (annual % growth),NY.ADJ.NNTY.KD.ZG,2.25628561051872,2017.0
Norway,NOR,Adjusted net national income (current US$),NY.ADJ.NNTY.CD,326460690078.995,2017.0
Norway,NOR,GDP per capita (current LCU),NY.GDP.PCAP.CN,664402.852962252,2018.0
Oman,OMN,Adjusted net national income (annual % growth),NY.ADJ.NNTY.KD.ZG,-5.89719866695698,2017.0
Oman,OMN,Adjusted net national income (current US$),NY.ADJ.NNTY.CD,46364426771.6228,2017.0
Oman,OMN,GDP per capita (current LCU),NY.GDP.PCAP.CN,6311.627973429039,2018.0
Pakistan,PAK,Adjusted net national income (annual % growth),NY.ADJ.NNTY.KD.ZG,5.51538907344404,2017.0
Pakistan,PAK,Adjusted net national income (current US$),NY.ADJ.NNTY.CD,303688646621.616,2017.0
Pakistan,PAK,GDP per capita (current LCU),NY.GDP.PCAP.CN,163129.710912559,2018.0
Palau,PLW,Adjusted net national income (annual % growth),NY.ADJ.NNTY.KD.ZG,NaN,1960.0
Palau,PLW,Adjusted net national income (current US$),NY.ADJ.NNTY.CD,NaN,1960.0
Palau,PLW,GDP per capita (current LCU),NY.GDP.PCAP.CN,15859.434857876799,2018.0
Panama,PAN,Adjusted net national income (annual % growth),NY.ADJ.NNTY.KD.ZG,4.030367210402931,2017.0
Panama,PAN,Adjusted net national income (current US$),NY.ADJ.NNTY.CD,51377250354.2533,2017.0
Panama,PAN,GDP per capita (current LCU),NY.GDP.PCAP.CN,15575.072548291499,2018.0
Papua New Guinea,PNG,Adjusted net national income (annual % growth),NY.ADJ.NNTY.KD.ZG,0.37558848517716104,2004.0
Papua New Guinea,PNG,Adjusted net national income (current US$),NY.ADJ.NNTY.CD,15478207352.1446,2017.0
Papua New Guinea,PNG,GDP per capita (current LCU),NY.GDP.PCAP.CN,8952.57106709728,2018.0
Paraguay,PRY,Adjusted net national income (annual % growth),NY.ADJ.NNTY.KD.ZG,7.639102794476139,2017.0
Paraguay,PRY,Adjusted net national income (current US$),NY.ADJ.NNTY.CD,33108380371.7144,2017.0
Paraguay,PRY,GDP per capita (current LCU),NY.GDP.PCAP.CN,33371248.6607742,2018.0
Peru,PER,Adjusted net national income (annual % growth),NY.ADJ.NNTY.KD.ZG,2.9190466128618198,2017.0
Peru,PER,Adjusted net national income (current US$),NY.ADJ.NNTY.CD,170425619625.37302,2017.0
Peru,PER,GDP per capita (current LCU),NY.GDP.PCAP.CN,22813.0657368211,2018.0
Philippines,PHL,Adjusted net national income (annual % growth),NY.ADJ.NNTY.KD.ZG,6.110704328959169,2017.0
Philippines,PHL,Adjusted net national income (current US$),NY.ADJ.NNTY.CD,345865078773.261,2017.0
Philippines,PHL,GDP per capita (current LCU),NY.GDP.PCAP.CN,163393.22951005,2018.0
Poland,POL,Adjusted net national income (annual % growth),NY.ADJ.NNTY.KD.ZG,5.38263435389543,2017.0
Poland,POL,Adjusted net national income (current US$),NY.ADJ.NNTY.CD,442421728864.236,2017.0
Poland,POL,GDP per capita (current LCU),NY.GDP.PCAP.CN,55695.7048489584,2018.0
Portugal,PRT,Adjusted net national income (annual % growth),NY.ADJ.NNTY.KD.ZG,2.58070273154698,2017.0
Portugal,PRT,Adjusted net national income (current US$),NY.ADJ.NNTY.CD,177045890717.661,2017.0
Portugal,PRT,GDP per capita (current LCU),NY.GDP.PCAP.CN,19830.8594382947,2018.0
Puerto Rico,PRI,Adjusted net national income (annual % growth),NY.ADJ.NNTY.KD.ZG,NaN,1960.0
Puerto Rico,PRI,Adjusted net national income (current US$),NY.ADJ.NNTY.CD,NaN,1960.0
Puerto Rico,PRI,GDP per capita (current LCU),NY.GDP.PCAP.CN,31651.3481514031,2018.0
Qatar,QAT,Adjusted net national income (annual % growth),NY.ADJ.NNTY.KD.ZG,9.009164592565,2017.0
Qatar,QAT,Adjusted net national income (current US$),NY.ADJ.NNTY.CD,130603252847.922,2017.0
Qatar,QAT,GDP per capita (current LCU),NY.GDP.PCAP.CN,250409.37535163102,2018.0
Romania,ROU,Adjusted net national income (annual % growth),NY.ADJ.NNTY.KD.ZG,5.361245011960969,2017.0
Romania,ROU,Adjusted net national income (current US$),NY.ADJ.NNTY.CD,165160370650.93698,2017.0
Romania,ROU,GDP per capita (current LCU),NY.GDP.PCAP.CN,48486.3563277603,2018.0
Russian Federation,RUS,Adjusted net national income (annual % growth),NY.ADJ.NNTY.KD.ZG,2.10470824670357,2017.0
Russian Federation,RUS,Adjusted net national income (current US$),NY.ADJ.NNTY.CD,1250996452778.49,2017.0
Russian Federation,RUS,GDP per capita (current LCU),NY.GDP.PCAP.CN,707452.5634359091,2018.0
Rwanda,RWA,Adjusted net national income (annual % growth),NY.ADJ.NNTY.KD.ZG,7.594060422932509,2017.0
Rwanda,RWA,Adjusted net national income (current US$),NY.ADJ.NNTY.CD,7158942298.21523,2017.0
Rwanda,RWA,GDP per capita (current LCU),NY.GDP.PCAP.CN,665680.0200358661,2018.0
Samoa,WSM,Adjusted net national income (annual % growth),NY.ADJ.NNTY.KD.ZG,NaN,1960.0
Samoa,WSM,Adjusted net national income (current US$),NY.ADJ.NNTY.CD,720153681.306975,2017.0
Samoa,WSM,GDP per capita (current LCU),NY.GDP.PCAP.CN,10736.2981245045,2018.0
San Marino,SMR,Adjusted net national income (annual % growth),NY.ADJ.NNTY.KD.ZG,NaN,1960.0
San Marino,SMR,Adjusted net national income (current US$),NY.ADJ.NNTY.CD,NaN,1960.0
San Marino,SMR,GDP per capita (current LCU),NY.GDP.PCAP.CN,43034.0649223367,2017.0
Sao Tome and Principe,STP,Adjusted net national income (annual % growth),NY.ADJ.NNTY.KD.ZG,NaN,1960.0
Sao Tome and Principe,STP,Adjusted net national income (current US$),NY.ADJ.NNTY.CD,153018113.101628,2017.0
Sao Tome and Principe,STP,GDP per capita (current LCU),NY.GDP.PCAP.CN,41525.3931764345,2018.0
Saudi Arabia,SAU,Adjusted net national income (annual % growth),NY.ADJ.NNTY.KD.ZG,4.746244842894231,2017.0
Saudi Arabia,SAU,Adjusted net national income (current US$),NY.ADJ.NNTY.CD,557783981753.896,2017.0
Saudi Arabia,SAU,GDP per capita (current LCU),NY.GDP.PCAP.CN,87521.1129677694,2018.0
Senegal,SEN,Adjusted net national income (annual % growth),NY.ADJ.NNTY.KD.ZG,4.84396103091591,2017.0
Senegal,SEN,Adjusted net national income (current US$),NY.ADJ.NNTY.CD,17874133888.7264,2017.0
Senegal,SEN,GDP per capita (current LCU),NY.GDP.PCAP.CN,845776.680849937,2018.0
Serbia,SRB,Adjusted net national income (annual % growth),NY.ADJ.NNTY.KD.ZG,0.531801144564099,2017.0
Serbia,SRB,Adjusted net national income (current US$),NY.ADJ.NNTY.CD,31902603994.4412,2017.0
Serbia,SRB,GDP per capita (current LCU),NY.GDP.PCAP.CN,725942.0682993791,2018.0
Seychelles,SYC,Adjusted net national income (annual % growth),NY.ADJ.NNTY.KD.ZG,6.30465074257324,2017.0
Seychelles,SYC,Adjusted net national income (current US$),NY.ADJ.NNTY.CD,1118202903.61605,2017.0
Seychelles,SYC,GDP per capita (current LCU),NY.GDP.PCAP.CN,228620.69073836398,2018.0
Sierra Leone,SLE,Adjusted net national income (annual % growth),NY.ADJ.NNTY.KD.ZG,27.6531515191031,2017.0
Sierra Leone,SLE,Adjusted net national income (current US$),NY.ADJ.NNTY.CD,3052326426.85149,2017.0
Sierra Leone,SLE,GDP per capita (current LCU),NY.GDP.PCAP.CN,4235421.40458872,2018.0
Singapore,SGP,Adjusted net national income (annual % growth),NY.ADJ.NNTY.KD.ZG,5.49977711065159,2017.0
Singapore,SGP,Adjusted net national income (current US$),NY.ADJ.NNTY.CD,264706332442.028,2017.0
Singapore,SGP,GDP per capita (current LCU),NY.GDP.PCAP.CN,87108.1260920117,2018.0
Sint Maarten (Dutch part),SXM,Adjusted net national income (annual % growth),NY.ADJ.NNTY.KD.ZG,NaN,1960.0
Sint Maarten (Dutch part),SXM,Adjusted net national income (current US$),NY.ADJ.NNTY.CD,NaN,1960.0
Sint Maarten (Dutch part),SXM,GDP per capita (current LCU),NY.GDP.PCAP.CN,44725.6864001577,2017.0
Slovak Republic,SVK,Adjusted net national income (annual % growth),NY.ADJ.NNTY.KD.ZG,2.95910924739698,2017.0
Slovak Republic,SVK,Adjusted net national income (current US$),NY.ADJ.NNTY.CD,74982392941.0915,2017.0
Slovak Republic,SVK,GDP per capita (current LCU),NY.GDP.PCAP.CN,16471.5953391686,2018.0
Slovenia,SVN,Adjusted net national income (annual % growth),NY.ADJ.NNTY.KD.ZG,6.34575461346148,2017.0
Slovenia,SVN,Adjusted net national income (current US$),NY.ADJ.NNTY.CD,38036496515.8781,2017.0
Slovenia,SVN,GDP per capita (current LCU),NY.GDP.PCAP.CN,22131.874621500097,2018.0
Solomon Islands,SLB,Adjusted net national income (annual % growth),NY.ADJ.NNTY.KD.ZG,NaN,1960.0
Solomon Islands,SLB,Adjusted net national income (current US$),NY.ADJ.NNTY.CD,850630334.3528861,2017.0
Solomon Islands,SLB,GDP per capita (current LCU),NY.GDP.PCAP.CN,16999.9852551174,2018.0
Somalia,SOM,Adjusted net national income (annual % growth),NY.ADJ.NNTY.KD.ZG,NaN,1960.0
Somalia,SOM,Adjusted net national income (current US$),NY.ADJ.NNTY.CD,NaN,1960.0
Somalia,SOM,GDP per capita (current LCU),NY.GDP.PCAP.CN,7534648.95442711,2018.0
South Africa,ZAF,Adjusted net national income (annual % growth),NY.ADJ.NNTY.KD.ZG,2.23264850749865,2017.0
South Africa,ZAF,Adjusted net national income (current US$),NY.ADJ.NNTY.CD,281674998945.157,2017.0
South Africa,ZAF,GDP per capita (current LCU),NY.GDP.PCAP.CN,84353.2517398608,2018.0
South Sudan,SSD,Adjusted net national income (annual % growth),NY.ADJ.NNTY.KD.ZG,NaN,1960.0
South Sudan,SSD,Adjusted net national income (current US$),NY.ADJ.NNTY.CD,NaN,1960.0
South Sudan,SSD,GDP per capita (current LCU),NY.GDP.PCAP.CN,4035.44733015695,2015.0
Spain,ESP,Adjusted net national income (annual % growth),NY.ADJ.NNTY.KD.ZG,2.10035796596924,2017.0
Spain,ESP,Adjusted net national income (current US$),NY.ADJ.NNTY.CD,1081727589063.86,2017.0
Spain,ESP,GDP per capita (current LCU),NY.GDP.PCAP.CN,25729.8060564447,2018.0
Sri Lanka,LKA,Adjusted net national income (annual % growth),NY.ADJ.NNTY.KD.ZG,3.5329988422928102,2017.0
Sri Lanka,LKA,Adjusted net national income (current US$),NY.ADJ.NNTY.CD,78480830591.1812,2017.0
Sri Lanka,LKA,GDP per capita (current LCU),NY.GDP.PCAP.CN,666817.318652515,2018.0
St. Kitts and Nevis,KNA,Adjusted net national income (annual % growth),NY.ADJ.NNTY.KD.ZG,NaN,1960.0
St. Kitts and Nevis,KNA,Adjusted net national income (current US$),NY.ADJ.NNTY.CD,NaN,1960.0
St. Kitts and Nevis,KNA,GDP per capita (current LCU),NY.GDP.PCAP.CN,52043.629984172694,2018.0
St. Lucia,LCA,Adjusted net national income (annual % growth),NY.ADJ.NNTY.KD.ZG,NaN,1960.0
St. Lucia,LCA,Adjusted net national income (current US$),NY.ADJ.NNTY.CD,1395421827.9417698,2017.0
St. Lucia,LCA,GDP per capita (current LCU),NY.GDP.PCAP.CN,28528.3343137848,2018.0
St. Martin (French part),MAF,Adjusted net national income (annual % growth),NY.ADJ.NNTY.KD.ZG,NaN,1960.0
St. Martin (French part),MAF,Adjusted net national income (current US$),NY.ADJ.NNTY.CD,NaN,1960.0
St. Martin (French part),MAF,GDP per capita (current LCU),NY.GDP.PCAP.CN,NaN,1960.0
St. Vincent and the Grenadines,VCT,Adjusted net national income (annual % growth),NY.ADJ.NNTY.KD.ZG,-2.90064347978827,2017.0
St. Vincent and the Grenadines,VCT,Adjusted net national income (current US$),NY.ADJ.NNTY.CD,728765664.704629,2017.0
St. Vincent and the Grenadines,VCT,GDP per capita (current LCU),NY.GDP.PCAP.CN,19875.7825968605,2018.0
Sudan,SDN,Adjusted net national income (annual % growth),NY.ADJ.NNTY.KD.ZG,0.6643215102139661,2017.0
Sudan,SDN,Adjusted net national income (current US$),NY.ADJ.NNTY.CD,91451538799.8615,2017.0
Sudan,SDN,GDP per capita (current LCU),NY.GDP.PCAP.CN,23817.380094648703,2018.0
Suriname,SUR,Adjusted net national income (annual % growth),NY.ADJ.NNTY.KD.ZG,NaN,1960.0
Suriname,SUR,Adjusted net national income (current US$),NY.ADJ.NNTY.CD,1422828578.20579,2017.0
Suriname,SUR,GDP per capita (current LCU),NY.GDP.PCAP.CN,46521.560232712,2018.0
Sweden,SWE,Adjusted net national income (annual % growth),NY.ADJ.NNTY.KD.ZG,1.93774900537618,2017.0
Sweden,SWE,Adjusted net national income (current US$),NY.ADJ.NNTY.CD,454196174428.87,2017.0
Sweden,SWE,GDP per capita (current LCU),NY.GDP.PCAP.CN,474684.172667169,2018.0
Switzerland,CHE,Adjusted net national income (annual % growth),NY.ADJ.NNTY.KD.ZG,0.75693971846853,2017.0
Switzerland,CHE,Adjusted net national income (current US$),NY.ADJ.NNTY.CD,543512155369.062,2017.0
Switzerland,CHE,GDP per capita (current LCU),NY.GDP.PCAP.CN,80965.3635283706,2018.0
Syrian Arab Republic,SYR,Adjusted net national income (annual % growth),NY.ADJ.NNTY.KD.ZG,1.67626788984943,2002.0
Syrian Arab Republic,SYR,Adjusted net national income (current US$),NY.ADJ.NNTY.CD,31864098755.4043,2007.0
Syrian Arab Republic,SYR,GDP per capita (current LCU),NY.GDP.PCAP.CN,101509.217056991,2007.0
Tajikistan,TJK,Adjusted net national income (annual % growth),NY.ADJ.NNTY.KD.ZG,2.9940547473093804,2013.0
Tajikistan,TJK,Adjusted net national income (current US$),NY.ADJ.NNTY.CD,7041766169.84015,2017.0
Tajikistan,TJK,GDP per capita (current LCU),NY.GDP.PCAP.CN,7564.57895026578,2018.0
Tanzania,TZA,Adjusted net national income (annual % growth),NY.ADJ.NNTY.KD.ZG,5.6756364463296105,2017.0
Tanzania,TZA,Adjusted net national income (current US$),NY.ADJ.NNTY.CD,46730650377.0605,2017.0
Tanzania,TZA,GDP per capita (current LCU),NY.GDP.PCAP.CN,2401859.02590198,2018.0
Thailand,THA,Adjusted net national income (annual % growth),NY.ADJ.NNTY.KD.ZG,3.4266596885718594,2017.0
Thailand,THA,Adjusted net national income (current US$),NY.ADJ.NNTY.CD,343823796146.73303,2017.0
Thailand,THA,GDP per capita (current LCU),NY.GDP.PCAP.CN,235010.28194118,2018.0
Timor-Leste,TLS,Adjusted net national income (annual % growth),NY.ADJ.NNTY.KD.ZG,15.7810760098331,2017.0
Timor-Leste,TLS,Adjusted net national income (current US$),NY.ADJ.NNTY.CD,1615693643.81831,2017.0
Timor-Leste,TLS,GDP per capita (current LCU),NY.GDP.PCAP.CN,2035.5339076888101,2018.0
Togo,TGO,Adjusted net national income (annual % growth),NY.ADJ.NNTY.KD.ZG,10.924701395117301,2017.0
Togo,TGO,Adjusted net national income (current US$),NY.ADJ.NNTY.CD,3939458692.75419,2017.0
Togo,TGO,GDP per capita (current LCU),NY.GDP.PCAP.CN,377123.532816316,2018.0
Tonga,TON,Adjusted net national income (annual % growth),NY.ADJ.NNTY.KD.ZG,NaN,1960.0
Tonga,TON,Adjusted net national income (current US$),NY.ADJ.NNTY.CD,396773245.83704,2017.0
Tonga,TON,GDP per capita (current LCU),NY.GDP.PCAP.CN,9573.77733848852,2018.0
Trinidad and Tobago,TTO,Adjusted net national income (annual % growth),NY.ADJ.NNTY.KD.ZG,NaN,1960.0
Trinidad and Tobago,TTO,Adjusted net national income (current US$),NY.ADJ.NNTY.CD,17519845827.329,2017.0
Trinidad and Tobago,TTO,GDP per capita (current LCU),NY.GDP.PCAP.CN,115983.21555151699,2018.0
Tunisia,TUN,Adjusted net national income (annual % growth),NY.ADJ.NNTY.KD.ZG,7.5212049140975,2013.0
Tunisia,TUN,Adjusted net national income (current US$),NY.ADJ.NNTY.CD,30205415271.8709,2017.0
Tunisia,TUN,GDP per capita (current LCU),NY.GDP.PCAP.CN,9125.20868633186,2018.0
Turkey,TUR,Adjusted net national income (annual % growth),NY.ADJ.NNTY.KD.ZG,4.03199924291459,2017.0
Turkey,TUR,Adjusted net national income (current US$),NY.ADJ.NNTY.CD,701692428323.362,2017.0
Turkey,TUR,GDP per capita (current LCU),NY.GDP.PCAP.CN,45242.9594585401,2018.0
Turkmenistan,TKM,Adjusted net national income (annual % growth),NY.ADJ.NNTY.KD.ZG,NaN,1960.0
Turkmenistan,TKM,Adjusted net national income (current US$),NY.ADJ.NNTY.CD,18141419954.287,2011.0
Turkmenistan,TKM,GDP per capita (current LCU),NY.GDP.PCAP.CN,24383.223937207702,2018.0
Turks and Caicos Islands,TCA,Adjusted net national income (annual % growth),NY.ADJ.NNTY.KD.ZG,NaN,1960.0
Turks and Caicos Islands,TCA,Adjusted net national income (current US$),NY.ADJ.NNTY.CD,NaN,1960.0
Turks and Caicos Islands,TCA,GDP per capita (current LCU),NY.GDP.PCAP.CN,27142.2277976902,2018.0
Tuvalu,TUV,Adjusted net national income (annual % growth),NY.ADJ.NNTY.KD.ZG,NaN,1960.0
Tuvalu,TUV,Adjusted net national income (current US$),NY.ADJ.NNTY.CD,NaN,1960.0
Tuvalu,TUV,GDP per capita (current LCU),NY.GDP.PCAP.CN,4953.07612095933,2018.0
Uganda,UGA,Adjusted net national income (annual % growth),NY.ADJ.NNTY.KD.ZG,2.8234922917940097,2017.0
Uganda,UGA,Adjusted net national income (current US$),NY.ADJ.NNTY.CD,17612788287.8862,2017.0
Uganda,UGA,GDP per capita (current LCU),NY.GDP.PCAP.CN,2351741.47970721,2018.0
Ukraine,UKR,Adjusted net national income (annual % growth),NY.ADJ.NNTY.KD.ZG,10.3880061358129,2017.0
Ukraine,UKR,Adjusted net national income (current US$),NY.ADJ.NNTY.CD,99119886771.595,2017.0
Ukraine,UKR,GDP per capita (current LCU),NY.GDP.PCAP.CN,84190.2689773659,2018.0
United Arab Emirates,ARE,Adjusted net national income (annual % growth),NY.ADJ.NNTY.KD.ZG,-0.241188097436179,2017.0
United Arab Emirates,ARE,Adjusted net national income (current US$),NY.ADJ.NNTY.CD,354579094927.18,2017.0
United Arab Emirates,ARE,GDP per capita (current LCU),NY.GDP.PCAP.CN,157935.691209035,2018.0
United Kingdom,GBR,Adjusted net national income (annual % growth),NY.ADJ.NNTY.KD.ZG,2.6275229828424798,2017.0
United Kingdom,GBR,Adjusted net national income (current US$),NY.ADJ.NNTY.CD,2257268371052.76,2017.0
United Kingdom,GBR,GDP per capita (current LCU),NY.GDP.PCAP.CN,32189.960590618703,2018.0
United States,USA,Adjusted net national income (annual % growth),NY.ADJ.NNTY.KD.ZG,2.82064772079535,2017.0
United States,USA,Adjusted net national income (current US$),NY.ADJ.NNTY.CD,16740180419866.7,2017.0
United States,USA,GDP per capita (current LCU),NY.GDP.PCAP.CN,62794.5856522398,2018.0
Uruguay,URY,Adjusted net national income (annual % growth),NY.ADJ.NNTY.KD.ZG,1.83481357444552,2017.0
Uruguay,URY,Adjusted net national income (current US$),NY.ADJ.NNTY.CD,48749874861.6182,2017.0
Uruguay,URY,GDP per capita (current LCU),NY.GDP.PCAP.CN,530870.81503767,2018.0
Uzbekistan,UZB,Adjusted net national income (annual % growth),NY.ADJ.NNTY.KD.ZG,-8.67322899031147,2010.0
Uzbekistan,UZB,Adjusted net national income (current US$),NY.ADJ.NNTY.CD,44470020929.497,2017.0
Uzbekistan,UZB,GDP per capita (current LCU),NY.GDP.PCAP.CN,12365635.9837841,2018.0
Vanuatu,VUT,Adjusted net national income (annual % growth),NY.ADJ.NNTY.KD.ZG,5.76901494452137,2014.0
Vanuatu,VUT,Adjusted net national income (current US$),NY.ADJ.NNTY.CD,771688292.790792,2017.0
Vanuatu,VUT,GDP per capita (current LCU),NY.GDP.PCAP.CN,344154.024873582,2018.0
"Venezuela, RB",VEN,Adjusted net national income (annual % growth),NY.ADJ.NNTY.KD.ZG,-14.1089269003066,2014.0
"Venezuela, RB",VEN,Adjusted net national income (current US$),NY.ADJ.NNTY.CD,443321731940.002,2014.0
"Venezuela, RB",VEN,GDP per capita (current LCU),NY.GDP.PCAP.CN,100889.62928239901,2014.0
Vietnam,VNM,Adjusted net national income (annual % growth),NY.ADJ.NNTY.KD.ZG,6.96484112600189,2017.0
Vietnam,VNM,Adjusted net national income (current US$),NY.ADJ.NNTY.CD,184332989240.705,2017.0
Vietnam,VNM,GDP per capita (current LCU),NY.GDP.PCAP.CN,58010352.5843702,2018.0
Virgin Islands (U.S.),VIR,Adjusted net national income (annual % growth),NY.ADJ.NNTY.KD.ZG,NaN,1960.0
Virgin Islands (U.S.),VIR,Adjusted net national income (current US$),NY.ADJ.NNTY.CD,NaN,1960.0
Virgin Islands (U.S.),VIR,GDP per capita (current LCU),NY.GDP.PCAP.CN,35938.0243875154,2017.0
West Bank and Gaza,PSE,Adjusted net national income (annual % growth),NY.ADJ.NNTY.KD.ZG,NaN,1960.0
West Bank and Gaza,PSE,Adjusted net national income (current US$),NY.ADJ.NNTY.CD,NaN,1960.0
West Bank and Gaza,PSE,GDP per capita (current LCU),NY.GDP.PCAP.CN,11485.716627183601,2018.0
"Yemen, Rep.",YEM,Adjusted net national income (annual % growth),NY.ADJ.NNTY.KD.ZG,NaN,1960.0
"Yemen, Rep.",YEM,Adjusted net national income (current US$),NY.ADJ.NNTY.CD,29518685358.7008,2017.0
"Yemen, Rep.",YEM,GDP per capita (current LCU),NY.GDP.PCAP.CN,504314.13866540603,2018.0
Zambia,ZMB,Adjusted net national income (annual % growth),NY.ADJ.NNTY.KD.ZG,NaN,1960.0
Zambia,ZMB,Adjusted net national income (current US$),NY.ADJ.NNTY.CD,19034443570.1226,2017.0
Zambia,ZMB,GDP per capita (current LCU),NY.GDP.PCAP.CN,16104.4298402784,2018.0
Zimbabwe,ZWE,Adjusted net national income (annual % growth),NY.ADJ.NNTY.KD.ZG,-1.1811725782096498,2017.0
Zimbabwe,ZWE,Adjusted net national income (current US$),NY.ADJ.NNTY.CD,16271751278.5083,2017.0
Zimbabwe,ZWE,GDP per capita (current LCU),NY.GDP.PCAP.CN,2146.99638487707,2018.0
